####
#
# OBJ File Generated by Meshlab
#
####
# Object bunny_watertight.obj
#
# Vertices: 1016
# Faces: 2028
#
####
vn 0.5483866 -0.7011626 0.4556788
v -0.0226320 0.1575430 -0.0043470
vn -0.5477928 0.7583356 0.3533415
v -0.0751740 0.1679760 -0.0251920
vn -0.8779497 0.4096989 0.2476918
v -0.0772390 0.1639120 -0.0217160
vn -0.2167313 0.4283750 0.8772243
v -0.0167340 0.1109030 0.0408980
vn 0.1066874 0.3755279 0.9206501
v -0.0761740 0.1336480 0.0520910
vn 0.5262988 0.7634853 0.3742990
v -0.0675810 0.1625140 -0.0139160
vn 0.2814772 0.9542569 -0.1008189
v -0.0344950 0.1272460 0.0052050
vn -0.0628133 0.6388518 0.7667614
v -0.0549890 0.0442320 0.0452690
vn -0.2198018 0.4219163 0.8795873
v -0.0391890 0.0433470 0.0415350
vn 0.1695575 -0.3592837 0.9176958
v 0.0060550 0.0437070 0.0454790
vn 0.2233708 0.3032376 0.9263652
v -0.0394560 0.1684820 0.0027190
vn -0.3076940 0.8032762 0.5099723
v -0.0158530 0.1232850 0.0311290
vn -0.0377884 0.6812584 0.7310671
v -0.0229790 0.0472650 0.0516740
vn 0.0745094 -0.0891887 0.9932239
v -0.0106640 0.0467950 0.0478260
vn 0.0814721 -0.3332332 0.9393178
v 0.0001090 0.0447270 0.0461480
vn 0.3887006 0.4538563 0.8018269
v -0.0482370 0.1180630 0.0306490
vn -0.0546970 0.8414385 0.5375776
v -0.0529780 0.0472840 0.0411920
vn -0.0710625 -0.7006403 0.7099671
v -0.0010390 0.0487560 0.0509810
vn -0.1993136 0.1539970 0.9677598
v -0.0166770 0.0492870 0.0471160
vn -0.2902974 -0.5183117 0.8044131
v -0.0126940 0.0497760 0.0498790
vn 0.0598827 -0.1903888 0.9798808
v -0.0715380 0.1194320 0.0537540
vn -0.1207205 0.4497161 0.8849757
v -0.0456830 0.0487830 0.0391540
vn -0.1161900 0.1122984 0.9868582
v -0.0425000 0.0506650 0.0393710
vn -0.1158460 0.5445985 0.8306577
v -0.0337370 0.0502290 0.0384690
vn -0.2891646 0.7711525 0.5671928
v -0.0259610 0.0487580 0.0491440
vn -0.4437952 0.4469025 0.7767394
v -0.0205940 0.0506860 0.0453940
vn -0.0453101 -0.3448203 0.9375746
v -0.0011800 0.0524660 0.0548060
vn 0.0231574 -0.1414996 0.9896675
v 0.0411680 0.0500110 0.0327190
vn 0.1841599 -0.1093386 0.9767959
v -0.0382830 0.0527920 0.0392100
vn 0.4391339 -0.2349936 0.8671444
v 0.0112000 0.0546570 0.0523330
vn 0.1643747 0.5515929 0.8177568
v -0.0355540 0.1728810 -0.0002520
vn 0.8574464 0.4423006 0.2629752
v -0.0632280 0.1574930 -0.0145850
vn -0.4310912 -0.3152514 0.8454449
v -0.0164230 0.0539930 0.0504150
vn 0.1713660 -0.4058183 0.8977445
v 0.0029940 0.0515860 0.0532970
vn 0.6700266 0.5467535 0.5021205
v -0.0565790 0.1527470 0.0306690
vn -0.3143581 -0.3111556 0.8968619
v -0.0129870 0.0567780 0.0517620
vn 0.5817377 0.3520678 0.7332323
v -0.0598710 0.1497680 0.0358590
vn -0.2758743 0.3836028 0.8813298
v -0.0284110 0.0530010 0.0362750
vn 0.0297711 -0.2686609 0.9627746
v -0.0007840 0.0582710 0.0544610
vn 0.1348048 0.2053759 0.9693547
v 0.0464800 0.0586110 0.0322730
vn -0.2130033 -0.3809610 0.8997213
v -0.0066180 0.0539140 0.0532410
vn 0.0263184 0.5641062 0.8252828
v -0.0363090 0.1128960 0.0345000
vn -0.2249388 0.9538248 0.1990500
v -0.0781870 0.1551110 0.0255740
vn -0.0526930 -0.1889425 0.9805734
v -0.0403820 0.0598250 0.0408680
vn -0.2932218 -0.2566312 0.9209569
v -0.0099370 0.0601090 0.0552950
vn 0.2745748 -0.2091728 0.9385390
v 0.0077080 0.0581480 0.0531170
vn 0.1594973 0.6335977 0.7570434
v 0.0097840 0.1222900 0.0351510
vn -0.3261140 -0.1327177 0.9359677
v -0.0277500 0.0598770 0.0368350
vn -0.2455160 0.9651812 0.0902617
v -0.0149700 0.1292190 0.0157050
vn 0.1597258 -0.2249399 0.9611918
v 0.0037690 0.0620820 0.0568140
vn 0.4980285 0.2370130 0.8341418
v 0.0407650 0.0619430 0.0291680
vn 0.2025408 0.3883589 0.8989742
v 0.0131230 0.1141910 0.0380270
vn 0.3073794 -0.1586798 0.9382637
v -0.0335310 0.0579930 0.0383500
vn -0.1992913 -0.1892523 0.9614919
v -0.0078910 0.0682030 0.0558740
vn 0.0515790 0.5181007 0.8537630
v -0.0005900 0.1170090 0.0403040
vn -0.0634049 -0.1012667 0.9928368
v -0.0037230 0.0636920 0.0565490
vn -0.3512960 -0.2308790 0.9073511
v -0.0816580 0.1219000 0.0494900
vn -0.4198246 0.4172532 -0.8060069
v -0.0289010 0.0935270 -0.0248420
vn -0.6716943 0.2722401 -0.6889936
v -0.0222480 0.1806360 -0.0209570
vn 0.0151056 0.5569806 0.8303882
v 0.0493330 0.0659210 0.0283800
vn -0.3417424 -0.1892855 0.9205342
v -0.0148370 0.0640010 0.0535450
vn 0.1088667 -0.0822299 0.9906495
v 0.0012060 0.0688950 0.0560910
vn 0.2065318 -0.1470944 0.9673200
v -0.0363720 0.0661880 0.0418160
vn -0.5306291 0.2229189 -0.8177652
v -0.0341160 0.1714850 -0.0149230
vn -0.6506354 -0.2778661 0.7067277
v -0.0271320 0.0686770 0.0399850
vn -0.2184218 -0.2226952 0.9501046
v -0.0135090 0.0723240 0.0553210
vn 0.6542504 0.6422620 -0.3993195
v -0.0623840 0.1787120 -0.0601180
vn -0.1450270 0.5629168 0.8136903
v -0.0076490 0.1182560 0.0386060
vn 0.9492741 0.1577888 -0.2719952
v -0.0621090 0.1467940 -0.0051350
vn 0.0625064 -0.1950110 0.9788073
v -0.0299900 0.0709840 0.0395780
vn -0.9620051 0.2681486 0.0514048
v -0.0883180 0.1041270 0.0156460
vn -0.0206048 -0.1938889 0.9808071
v -0.0045690 0.0731330 0.0590310
vn -0.0480807 -0.3739361 0.9262074
v -0.0474430 0.0732110 0.0416930
vn -0.2319310 -0.1757379 0.9567258
v -0.0431710 0.0687140 0.0417680
vn 0.2813147 -0.0233966 0.9593303
v 0.0007830 0.0790410 0.0579110
vn -0.1922686 -0.5042926 0.8418562
v -0.0592510 0.0741270 0.0416520
vn 0.1852883 -0.0040493 0.9826759
v 0.0071990 0.0745980 0.0567460
vn -0.0244639 -0.1439462 0.9892831
v -0.0395000 0.0796580 0.0432970
vn -0.3825468 -0.3024679 0.8730242
v -0.0193740 0.0769970 0.0553910
vn -0.2687142 0.7091000 0.6518972
v -0.0258210 0.1174850 0.0322510
vn -0.2791303 0.6531065 0.7039447
v -0.0167920 0.1194520 0.0353980
vn 0.1884785 0.9737877 0.1273320
v 0.0094810 0.1311670 0.0185140
vn -0.1780764 0.9838772 -0.0165708
v -0.0773460 0.1560870 0.0164290
vn -0.0306127 -0.2792639 0.9597263
v -0.0552470 0.0809170 0.0450320
vn 0.1278348 -0.3582023 0.9248510
v -0.0492410 0.0753090 0.0433700
vn 0.0582603 -0.1025966 0.9930155
v -0.0437260 0.0815270 0.0424230
vn 0.2012915 0.4591793 0.8652376
v 0.0067990 0.1164340 0.0390900
vn -0.2982554 0.7246194 0.6212652
v -0.0784840 0.1471360 0.0415140
vn 0.1566458 -0.2861540 0.9452925
v -0.0516710 0.0811360 0.0442600
vn -0.1410294 0.0093463 0.9899613
v -0.0080320 0.0779020 0.0580980
vn 0.3264516 -0.0614215 0.9432162
v 0.0027970 0.0786050 0.0565630
vn -0.1296892 -0.1511486 0.9799668
v -0.0772260 0.1245100 0.0525310
vn 0.1877229 -0.1105278 0.9759835
v -0.0351320 0.0783180 0.0419510
vn -0.1595773 -0.2195559 0.9624606
v -0.0147550 0.0776260 0.0567440
vn 0.0592725 0.1267420 0.9901633
v -0.0058220 0.0852650 0.0571910
vn -0.1734603 0.0053584 0.9848263
v -0.0183220 0.0829310 0.0579660
vn -0.1376338 0.1774395 0.9744599
v -0.0145480 0.0876750 0.0569350
vn -0.1768211 0.9432888 0.2809637
v -0.0251860 0.1250200 0.0185050
vn -0.1162468 0.7393878 0.6631685
v -0.0068150 0.1236720 0.0343430
vn -0.2137468 -0.2872486 0.9337026
v -0.0618460 0.0793100 0.0429310
vn 0.1458578 0.1406017 0.9792634
v 0.0033080 0.0857660 0.0574170
vn 0.0475332 0.7937609 0.6063698
v -0.0372770 0.1224010 0.0278600
vn 0.4994420 0.2972603 0.8137530
v -0.0245640 0.1817580 -0.0092870
vn 0.1909584 0.0829447 0.9780875
v -0.0493990 0.0872560 0.0459010
vn 0.0583318 0.9967579 -0.0554188
v 0.0048770 0.1317190 0.0089930
vn -0.2180751 -0.0225588 0.9756712
v -0.0643200 0.0887330 0.0454160
vn -0.0191867 -0.0284899 0.9994099
v -0.0571210 0.0881040 0.0446550
vn 0.0893590 -0.0325852 0.9954664
v -0.0377330 0.0841030 0.0442510
vn -0.0927410 -0.0962085 0.9910313
v -0.0358880 0.0888350 0.0434560
vn 0.0236523 0.3164974 0.9482985
v -0.0085280 0.0915080 0.0568520
vn 0.9331911 -0.0488889 0.3560398
v -0.0098860 0.1667220 -0.0175110
vn 0.0483979 0.0494837 0.9976016
v -0.0421040 0.0872860 0.0426110
vn 0.5046492 0.8467445 0.1683835
v 0.0217780 0.1260560 0.0200050
vn 0.0152704 0.2882965 0.9574195
v -0.0595990 0.0939320 0.0454850
vn -0.1693615 0.4603854 0.8714138
v -0.0129900 0.0927030 0.0560650
vn 0.1762648 0.4478155 0.8765798
v 0.0040700 0.0923020 0.0549870
vn 0.7124357 -0.1322127 0.6891699
v -0.0598690 0.1434870 0.0357970
vn -0.0122424 0.1263189 0.9919142
v -0.0532390 0.0942730 0.0438150
vn -0.1649930 0.9161969 0.3651856
v -0.0069170 0.1291090 0.0261150
vn -0.2958140 0.5390651 0.7886083
v -0.0236440 0.0958220 0.0447260
vn 0.0714698 0.6348578 0.7693164
v 0.0073870 0.0985330 0.0487710
vn 0.3109054 0.2833823 0.9072113
v 0.0184390 0.0918230 0.0479380
vn 0.3369628 0.3898974 0.8569925
v 0.0210230 0.0993200 0.0462170
vn -0.1094933 0.9937010 0.0238644
v -0.0027930 0.1315140 0.0137550
vn 0.0293543 0.1664260 0.9856169
v -0.0414030 0.0955270 0.0420550
vn -0.2264198 0.0065327 0.9740079
v -0.0352090 0.0933450 0.0446190
vn -0.4123122 0.3619650 0.8360502
v -0.0262390 0.0935630 0.0452140
vn 0.9246306 0.3805074 0.0165028
v -0.0483700 0.1372510 0.0119100
vn -0.3072466 -0.2305899 0.9232702
v -0.0758480 0.1188520 0.0530130
vn -0.0126180 0.7016088 0.7124506
v -0.0308700 0.1175200 0.0314650
vn 0.0415018 0.3334985 0.9418367
v -0.0473420 0.1014400 0.0418830
vn -0.2270454 0.5962392 0.7700320
v -0.0190160 0.0982390 0.0446630
vn 0.4948792 -0.6964215 -0.5197036
v -0.0097590 0.1678420 -0.0237320
vn 0.2551415 0.3822871 0.8881212
v 0.0125640 0.0979060 0.0484490
vn -0.1417555 0.2409589 0.9601272
v -0.0624520 0.0982490 0.0426470
vn -0.0984774 0.3130808 0.9446071
v -0.0288580 0.1000010 0.0432820
vn 0.0485168 0.1350265 0.9896535
v -0.0491570 0.0964450 0.0447870
vn -0.0585288 0.5625675 0.8246771
v -0.0077480 0.1016130 0.0438520
vn -0.3944759 0.1056794 0.9128093
v -0.0732090 0.1053830 0.0371860
vn -0.1224872 0.3535915 0.9273456
v -0.0623850 0.1029870 0.0418820
vn -0.2121841 0.5074497 0.8351483
v -0.0290490 0.1066800 0.0402030
vn -0.0956901 0.3029791 0.9481810
v -0.0177280 0.1047760 0.0428470
vn 0.0417339 0.5424317 0.8390627
v 0.0122930 0.1026760 0.0472440
vn 0.9258112 0.2459540 0.2870196
v 0.0433800 0.0951760 0.0236440
vn -0.0037642 0.6229364 0.7822635
v -0.0746450 0.1438830 0.0455800
vn -0.0510059 0.2991872 0.9528303
v -0.0538400 0.0991620 0.0431330
vn -0.1666610 0.3514156 0.9212661
v -0.0333970 0.0993530 0.0433360
vn 0.0404827 0.5834253 0.8111573
v 0.0014550 0.1020870 0.0437170
vn 0.7698047 0.6078805 0.1946332
v 0.0345320 0.1143190 0.0222790
vn 0.9684440 0.1985188 0.1506870
v -0.0625430 0.1526230 -0.0115150
vn -0.2779762 0.8618044 0.4242904
v -0.0783920 0.1525980 0.0332180
vn -0.3672796 0.8533590 0.3699788
v -0.0358380 0.1760940 -0.0048750
vn 0.0599836 0.4382036 0.8968722
v -0.0384300 0.1051400 0.0389480
vn -0.1212396 0.3162096 0.9409105
v -0.0236400 0.1031700 0.0435650
vn 0.1298324 0.3430379 0.9303057
v -0.0437120 0.1050170 0.0414320
vn -0.1182062 0.3060141 0.9446601
v -0.0110170 0.1090630 0.0432140
vn 0.2578444 0.5279462 0.8091905
v 0.0203120 0.1076680 0.0400450
vn -0.0063703 0.5037462 0.8638283
v -0.0509370 0.1094050 0.0382130
vn 0.0421030 0.4622345 0.8857577
v 0.0084120 0.1071660 0.0409190
vn 0.2011752 0.2447898 0.9484760
v 0.0028750 0.1104610 0.0423990
vn 0.1156993 0.5696238 0.8137214
v -0.0418170 0.1118630 0.0363800
vn -0.2674912 0.5429444 0.7960275
v -0.0222860 0.1123330 0.0389350
vn 0.0116815 0.5949497 0.8036780
v 0.0132370 0.1083900 0.0409310
vn 0.0499963 0.5917139 -0.8045962
v -0.0055930 0.1003970 -0.0236260
vn 0.6168944 0.6793129 0.3974610
v 0.0285530 0.1185680 0.0273510
vn 0.2498502 -0.6222616 0.7418662
v 0.0138400 0.0357780 0.0441770
vn 0.1119319 0.3430426 0.9326270
v -0.0215730 0.0441520 0.0537860
vn 0.2872242 0.0689278 0.9553801
v -0.0034480 0.0395220 0.0477310
vn 0.3898079 0.0522165 0.9194146
v 0.0177820 0.0431710 0.0441330
vn -0.1327983 0.1937879 0.9720138
v -0.0560220 0.0402780 0.0473170
vn 0.2615219 -0.2374798 0.9355264
v -0.0446550 0.0364930 0.0448740
vn 0.6315743 -0.1062941 0.7679945
v 0.0230740 0.0429700 0.0407310
vn -0.1742762 0.1936282 -0.9654719
v -0.0529750 0.0985500 -0.0223290
vn 0.9231744 0.3838699 0.0198272
v 0.0428650 0.1018430 0.0101880
vn 0.6111754 -0.5926218 0.5246562
v 0.0319940 0.0480070 0.0323760
vn 0.2235991 0.4448809 0.8672280
v -0.0467770 0.0431030 0.0437300
vn 0.4978655 0.2888591 0.8177350
v -0.0320790 0.1745110 -0.0025310
vn 0.5895057 -0.6443897 0.4870779
v 0.0502380 0.0473080 0.0245320
vn 0.5104033 0.4661869 0.7226052
v -0.0142390 0.1711180 -0.0177490
vn 0.9207661 0.0793227 0.3819658
v -0.0543850 0.1467480 0.0269870
vn -0.8779032 0.2649140 -0.3988815
v -0.0847940 0.1037330 0.0005300
vn 0.4220922 -0.2272555 0.8776065
v 0.0158670 0.0473160 0.0435280
vn 0.3204076 0.5214944 0.7908114
v 0.0227320 0.1126790 0.0362830
vn 0.4948590 0.4166993 0.7625459
v -0.0426600 0.1578100 0.0045830
vn 0.2708441 0.6387159 0.7201983
v -0.0371610 0.1608730 0.0003650
vn 0.6200355 0.2384486 0.7474613
v -0.0180410 0.1614790 -0.0062880
vn 0.2776953 -0.6682216 0.6901922
v 0.0078840 0.0466710 0.0488820
vn 0.6327580 -0.3021325 0.7129750
v 0.0277750 0.0472880 0.0368170
vn 0.4420193 -0.3733828 0.8156005
v 0.0456870 0.0502520 0.0314690
vn 0.4493598 -0.3864688 0.8054302
v 0.0201560 0.0541690 0.0475230
vn 0.5098916 -0.4104300 0.7560144
v 0.0252710 0.0526390 0.0406360
vn 0.8343278 0.3136725 -0.4533285
v 0.0406250 0.0958750 -0.0061160
vn -0.0208941 0.2301649 0.9729273
v -0.0652170 0.1100910 0.0375750
vn 0.4214658 -0.3092385 0.8524894
v 0.0154620 0.0550270 0.0488490
vn 0.3311940 -0.4016928 0.8537877
v 0.0337590 0.0487880 0.0313630
vn 0.3227365 -0.0602263 0.9445708
v 0.0382560 0.0567760 0.0311410
vn 0.0530125 0.1187678 0.9915059
v -0.0023280 0.1059340 0.0441420
vn 0.6430078 -0.3083005 0.7010648
v 0.0533750 0.0548350 0.0279340
vn 0.7544181 0.0983609 0.6489827
v -0.0145860 0.1628850 -0.0101250
vn 0.7812572 0.3135166 0.5397634
v -0.0497030 0.1297920 0.0311000
vn 0.7092238 -0.2553948 0.6570960
v -0.0611150 0.1202200 0.0419550
vn 0.8268561 -0.1727818 0.5352154
v 0.0388000 0.0636050 0.0342130
vn 0.8741350 -0.2918144 0.3882428
v 0.0583120 0.0551080 0.0215840
vn 0.5586583 -0.0918713 0.8242940
v 0.0250480 0.0618200 0.0451990
vn 0.3303222 0.2860527 0.8994782
v -0.0353510 0.1583700 0.0041200
vn 0.4989336 -0.1513476 0.8533224
v 0.0190160 0.0629660 0.0486600
vn 0.5919238 -0.3028596 0.7469286
v 0.0311600 0.0578160 0.0400020
vn 0.6017383 0.1255683 0.7887608
v 0.0545870 0.0621510 0.0283860
vn 0.4151211 -0.2177848 0.8833144
v 0.0102610 0.0644090 0.0545230
vn 0.6944280 0.1704734 0.6990770
v -0.0626270 0.1374870 0.0359700
vn 0.4944360 0.4001477 0.7716313
v -0.0692220 0.1418160 0.0454340
vn 0.7693746 0.3043346 0.5616432
v -0.0135960 0.1814540 -0.0229940
vn 0.6201032 -0.1041246 0.7775797
v 0.0351950 0.0647740 0.0389090
vn 0.4758399 0.5492879 0.6869202
v 0.0549900 0.0681600 0.0253020
vn 0.4879333 -0.2569172 0.8342150
v 0.0119360 0.0614580 0.0517020
vn -0.9745131 -0.2195240 -0.0461895
v -0.0896760 0.0891150 0.0119920
vn 0.4795537 -0.2269220 0.8476642
v 0.0139920 0.0658960 0.0527860
vn 0.6853220 -0.3573951 0.6345096
v -0.0659010 0.1174530 0.0507500
vn 0.1954140 0.5803969 0.7905396
v 0.0447280 0.0682160 0.0251480
vn 0.6967201 0.0318656 0.7166350
v -0.0373320 0.1636920 -0.0008660
vn 0.4528540 0.2913169 0.8426493
v -0.0283340 0.1785870 -0.0059760
vn 0.7257765 -0.0337922 0.6871001
v 0.0369820 0.0716010 0.0365300
vn 0.8699605 0.1007241 0.4827250
v 0.0441530 0.0704340 0.0246560
vn 0.6341423 0.3585450 0.6850613
v -0.0217510 0.1836080 -0.0120890
vn 0.5918343 -0.1368439 0.7943588
v 0.0323130 0.0717640 0.0404700
vn 0.6159710 -0.2206730 0.7562296
v 0.0207990 0.0688800 0.0490690
vn 0.5764979 -0.1536906 0.8025144
v 0.0258940 0.0701970 0.0439000
vn -0.7981856 -0.5670022 0.2034898
v -0.0812350 0.0763120 0.0238200
vn 0.8895119 0.4001708 -0.2205264
v 0.0417950 0.1029820 0.0020830
vn 0.6919478 -0.0308002 0.7212903
v -0.0292550 0.1707270 -0.0084520
vn 0.4775276 0.4134900 0.7752376
v 0.0263150 0.1038910 0.0399150
vn 0.6218416 -0.1651359 0.7655346
v 0.0311690 0.0756690 0.0430290
vn 0.7390959 -0.0647579 0.6704803
v 0.0366190 0.0762780 0.0378200
vn 0.9148184 0.0534014 0.4003194
v 0.0438830 0.0837250 0.0264480
vn 0.7350531 0.0334811 0.6771824
v -0.0495980 0.1499220 0.0118330
vn 0.8323896 -0.0686355 0.5499244
v -0.0126500 0.1640760 -0.0126380
vn 0.3994515 0.3133728 0.8615313
v -0.0461650 0.1594920 0.0076450
vn 0.3679211 -0.1081158 0.9235503
v 0.0131920 0.0741190 0.0541880
vn 0.3666658 0.0320780 0.9297996
v 0.0162070 0.0782970 0.0540290
vn 0.4335337 0.1731605 0.8843438
v 0.0223840 0.0844710 0.0496780
vn 0.8424588 0.0252439 0.5381690
v 0.0405480 0.0804730 0.0327750
vn -0.9018806 -0.2050663 -0.3802095
v -0.0855640 0.1099590 0.0066910
vn 0.4559805 0.3008410 0.8376017
v -0.0259970 0.1598980 -0.0003780
vn 0.6045502 -0.1401794 0.7841358
v 0.0256110 0.0770340 0.0474140
vn 0.6888368 0.3468681 0.6365426
v -0.0551930 0.1376550 0.0310520
vn 0.7667006 0.0887871 0.6358358
v -0.0566630 0.1423340 0.0314140
vn 0.3031444 0.0427532 0.9519851
v 0.0087970 0.0809960 0.0552690
vn 0.4402654 0.4341008 0.7859535
v -0.0266750 0.1673400 -0.0092610
vn 0.4532800 -0.4507669 0.7689905
v -0.0631360 0.1132120 0.0373090
vn 0.5826460 -0.0175563 0.8125365
v -0.0393980 0.1652150 0.0030960
vn 0.2604947 0.7280666 0.6340832
v -0.0230480 0.1636260 -0.0076440
vn 0.4588025 0.4316705 0.7766343
v 0.0272850 0.1085840 0.0375170
vn 0.2148473 -0.6226711 0.7524104
v -0.0698010 0.1093290 0.0378440
vn 0.6138992 0.2022826 0.7630266
v -0.0645980 0.1448920 0.0394960
vn 0.7398666 -0.0362550 0.6717761
v -0.0199360 0.1799430 -0.0160510
vn 0.4324133 0.2169837 0.8751782
v 0.0161040 0.0853910 0.0512970
vn 0.6602970 -0.0040568 0.7509937
v 0.0308800 0.0822560 0.0429550
vn 0.8294164 0.1645319 0.5338517
v -0.0470610 0.1248630 0.0280490
vn 0.5473819 0.1176266 0.8285753
v -0.0673910 0.1222280 0.0527780
vn 0.1681666 0.7847073 0.5966192
v -0.0305250 0.1615690 -0.0023870
vn 0.2685690 0.5084186 0.8181573
v 0.0178620 0.1180150 0.0355020
vn 0.5267752 0.4059476 0.7468029
v -0.0571930 0.1303410 0.0380220
vn 0.6066858 0.0418500 0.7938393
v 0.0261690 0.0835750 0.0473430
vn 0.6337204 0.0258852 0.7731290
v 0.0333820 0.0884410 0.0421870
vn 0.8013232 0.0149472 0.5980450
v 0.0372170 0.0860100 0.0365630
vn 0.5369437 0.1013746 0.8375050
v -0.0420360 0.1552720 0.0067800
vn 0.7246923 0.2806363 0.6293365
v -0.0675170 0.1328150 0.0460600
vn 0.4166281 0.1508316 0.8964770
v 0.0116690 0.0885060 0.0545440
vn 0.5223381 0.3873207 0.7597010
v 0.0146670 0.0921950 0.0518460
vn 0.9877132 0.1415230 -0.0662867
v 0.0458580 0.0900640 0.0068530
vn 0.6195248 -0.0297442 0.7844133
v -0.0555840 0.1228950 0.0393670
vn 0.8335416 0.4362493 0.3389617
v 0.0381410 0.1071620 0.0256440
vn 0.6099048 0.2658859 0.7465393
v -0.0155370 0.1765120 -0.0192050
vn 0.5409793 0.5732355 0.6154206
v 0.0292260 0.1132820 0.0327530
vn -0.9761484 0.1856851 0.1124958
v -0.0931740 0.1235940 0.0391830
vn 0.4634126 -0.4180479 0.7813352
v -0.0288910 0.1580630 0.0006810
vn 0.6640527 0.2664338 0.6986037
v -0.0615590 0.1269030 0.0421000
vn 0.5369759 0.4383889 0.7207442
v -0.0470090 0.1208100 0.0276670
vn 0.5353900 0.2721495 0.7995575
v 0.0279120 0.0935810 0.0443460
vn 0.3292298 0.2388298 0.9135470
v -0.0728180 0.1292500 0.0521480
vn 0.3078814 0.1304635 0.9424374
v -0.0548670 0.1145100 0.0349930
vn 0.7560741 0.2546207 0.6029265
v 0.0365640 0.0938720 0.0371370
vn 0.9648825 0.2519405 0.0743491
v -0.0614960 0.1610150 -0.0299520
vn 0.3511769 -0.8987679 -0.2624710
v 0.0205780 0.0351310 -0.0021130
vn 0.4251971 -0.8515873 -0.3066047
v 0.0401680 0.0394330 0.0028500
vn 0.5092018 -0.8501040 -0.1343009
v 0.0186180 0.0352060 -0.0078910
vn 0.8031948 0.5876544 -0.0976752
v -0.0113160 0.1825080 -0.0273950
vn -0.0576460 0.0904869 -0.9942279
v -0.0434790 0.0958130 -0.0221750
vn 0.6771719 -0.6403722 -0.3624386
v 0.0231030 0.0420100 -0.0084060
vn 0.5278751 -0.8270659 -0.1931576
v 0.0173950 0.0350680 -0.0145390
vn 0.3454725 -0.7920368 -0.5033155
v 0.0132750 0.0349320 -0.0204600
vn 0.7339506 -0.5253188 0.4305307
v 0.0247510 0.0412790 0.0374820
vn 0.7103851 -0.2900704 -0.6412584
v 0.0201650 0.0435100 -0.0214710
vn -0.7442428 0.3558025 -0.5652498
v -0.0811650 0.1085250 -0.0026710
vn 0.6383448 0.0601157 -0.7673995
v -0.0607700 0.1728710 -0.0622230
vn 0.5770996 -0.8147320 -0.0562829
v 0.0493600 0.0432750 0.0106190
vn 0.7708380 -0.5206774 -0.3670202
v 0.0555210 0.0503200 0.0038590
vn 0.5537361 -0.7390124 -0.3837149
v 0.0486700 0.0448850 0.0023080
vn 0.6935922 -0.6194183 -0.3677646
v 0.0225580 0.0444800 -0.0160020
vn 0.9402827 0.1123500 0.3213192
v -0.0089950 0.1707430 -0.0222340
vn 0.9296908 -0.2252639 0.2914295
v -0.0492450 0.1444380 0.0087390
vn 0.6432166 -0.6445906 0.4132499
v -0.0430320 0.1477960 0.0043610
vn 0.7864451 -0.5720122 0.2330370
v 0.0568590 0.0505770 0.0189610
vn 0.6492751 -0.6652598 -0.3686070
v 0.0270890 0.0473360 -0.0159990
vn 0.9594271 -0.0730878 -0.2723196
v -0.0084850 0.1739240 -0.0271170
vn -0.1582448 0.3565903 -0.9207616
v -0.0272380 0.1047610 -0.0231470
vn 0.7416052 0.3609161 0.5654746
v 0.0363370 0.1003680 0.0330650
vn 0.8374267 -0.5420603 -0.0699093
v 0.0574770 0.0507870 0.0114390
vn 0.7656599 -0.5034314 -0.4004019
v 0.0316180 0.0517160 -0.0106570
vn 0.9971218 0.0409404 0.0638132
v -0.0614390 0.1559960 -0.0220370
vn -0.9955264 -0.0750543 0.0573945
v -0.0951500 0.1225240 0.0208280
vn 0.6344948 -0.0362011 -0.7720789
v 0.0537380 0.0580510 -0.0030260
vn 0.7218150 -0.3770746 -0.5803429
v 0.0314380 0.0563350 -0.0149120
vn -0.7932575 0.2323038 -0.5628300
v -0.0834460 0.1003100 -0.0042610
vn 0.9787458 0.1897912 0.0776914
v 0.0449710 0.0928880 0.0141630
vn 0.9869792 -0.1587406 -0.0259495
v 0.0610180 0.0597290 0.0123780
vn 0.8979336 -0.0532093 -0.4369027
v 0.0592840 0.0606970 0.0042080
vn 0.9952456 -0.0265116 0.0937197
v -0.0617390 0.1680500 -0.0537190
vn 0.8192988 -0.2785332 -0.5011675
v 0.0382150 0.0621630 -0.0101820
vn 0.7082531 -0.3482134 -0.6141051
v 0.0337990 0.0590790 -0.0147610
vn 0.9273325 0.3736222 0.0214730
v 0.0608560 0.0680560 0.0136850
vn 0.6753209 -0.1420549 -0.7237141
v 0.0296760 0.0612990 -0.0196240
vn 0.9650678 0.0667658 -0.2533506
v 0.0446850 0.0887660 -0.0016410
vn 0.9519868 0.2460955 0.1820938
v -0.0625170 0.1682780 -0.0481590
vn 0.8603116 -0.0718334 -0.5046821
v 0.0405530 0.0694870 -0.0095890
vn 0.6774273 0.6970645 -0.2349329
v 0.0580960 0.0709520 0.0083600
vn 0.8386673 0.3392069 0.4261172
v -0.0526700 0.1377240 0.0270720
vn 0.7086183 -0.0949248 -0.6991776
v 0.0329050 0.0685120 -0.0179390
vn 0.6657758 -0.0969000 -0.7398331
v 0.0296760 0.0725490 -0.0219770
vn 0.9889015 0.1484542 -0.0059412
v -0.0621190 0.1635680 -0.0398540
vn 0.0589642 0.9549445 -0.2908681
v -0.0286990 0.1241740 0.0000450
vn 0.4983955 -0.7672193 0.4037034
v -0.0332650 0.1527550 -0.0009350
vn 0.8487259 0.4793097 0.2234424
v -0.0495880 0.1372080 0.0197280
vn -0.8889028 -0.4528235 0.0693016
v -0.0917610 0.1177340 0.0280470
vn 0.8783922 0.0879192 -0.4697845
v -0.0505700 0.1392780 0.0023730
vn -0.9059273 0.0030870 -0.4234221
v -0.0920000 0.1243350 0.0075590
vn 0.9657637 -0.2442026 -0.0875535
v -0.0628950 0.1602550 -0.0451170
vn -0.6650653 -0.4836361 -0.5690205
v -0.0868540 0.1155360 0.0021300
vn 0.8921672 -0.0826935 -0.4440716
v 0.0423360 0.0786030 -0.0056690
vn -0.8203713 -0.5718300 -0.0011897
v -0.0922110 0.1137190 0.0158030
vn -0.4409249 -0.4220318 0.7921329
v -0.0601600 0.0361420 0.0458240
vn 0.9550570 0.1534322 0.2536230
v -0.0523270 0.1446490 0.0178020
vn 0.9435276 0.1494355 -0.2956768
v 0.0463250 0.0736790 0.0047100
vn 0.8460466 0.2509595 -0.4703451
v 0.0416900 0.0911170 -0.0084320
vn -0.5854567 -0.7665070 -0.2640221
v -0.0730400 0.1428540 -0.0084780
vn -0.8864932 -0.3997865 0.2330251
v -0.0867170 0.1099490 0.0179970
vn 0.9265202 -0.3474793 -0.1442859
v -0.0628310 0.1465710 -0.0132450
vn -0.5845089 -0.7769327 0.2339341
v -0.0711940 0.0627500 0.0179710
vn 0.9498840 0.0183545 -0.3120633
v 0.0454950 0.0795960 0.0007270
vn 0.7767637 -0.1042194 -0.6211090
v 0.0372300 0.0762700 -0.0121650
vn 0.9759821 0.0899636 0.1984078
v 0.0451800 0.0854360 0.0219000
vn 0.9303025 -0.0109138 -0.3666308
v 0.0436010 0.0819850 -0.0031650
vn 0.8120987 -0.1300436 -0.5688449
v 0.0394330 0.0829940 -0.0134210
vn -0.9935562 0.1130052 0.0087157
v -0.0896550 0.0978720 0.0160030
vn -0.8419266 0.1110285 -0.5280459
v -0.0849960 0.1438690 0.0061460
vn 0.9697732 0.1155354 0.2149221
v 0.0464520 0.0751050 0.0178080
vn -0.9492725 0.2502834 -0.1903681
v -0.0926020 0.1304100 0.0117500
vn 0.7961127 0.5668153 0.2119556
v -0.0645300 0.1691860 -0.0415890
vn 0.9305272 -0.3281142 -0.1626664
v -0.0621670 0.1543070 -0.0317750
vn 0.1931307 0.9438367 0.2680908
v -0.0313340 0.1256790 0.0179910
vn -0.4769398 0.7745920 -0.4153742
v -0.0723260 0.1811920 -0.0551420
vn 0.2605893 0.9389784 0.2245277
v -0.0694510 0.1813450 -0.0541850
vn -0.1752668 0.6531066 0.7367045
v -0.0439520 0.1678690 0.0030760
vn -0.4304437 0.8734365 -0.2276555
v -0.0835230 0.1537710 0.0110180
vn 0.0638400 0.9892368 0.1316627
v -0.0659650 0.1563380 0.0239250
vn 0.0740671 0.8570548 0.5098736
v 0.0524850 0.0721160 0.0220900
vn 0.6685953 0.6357176 0.3858024
v -0.0663550 0.1742730 -0.0475840
vn 0.2154893 0.8817545 0.4196110
v -0.0609440 0.1539780 0.0317260
vn 0.0257028 0.9977149 -0.0624841
v -0.0661620 0.1561750 0.0141620
vn 0.4088856 0.8070778 0.4259556
v -0.0713520 0.1763370 -0.0454040
vn -0.2024230 0.9192708 0.3375888
v -0.0739630 0.1798910 -0.0499020
vn 0.9284098 0.2435064 0.2806420
v -0.0516570 0.1499610 0.0156960
vn 0.3286145 0.8153324 0.4767028
v 0.0141200 0.1271850 0.0278920
vn -0.6574750 -0.7426444 0.1273023
v -0.0844270 0.1117200 0.0286930
vn 0.2473982 0.6726015 -0.6974248
v -0.0397870 0.1231600 -0.0107440
vn -0.8006051 0.1838772 -0.5702814
v -0.0817410 0.1454350 0.0001820
vn -0.9278473 -0.0857997 -0.3629572
v -0.0755990 0.1510480 -0.0094290
vn -0.9345550 0.0695831 -0.3489487
v -0.0863950 0.0969870 0.0006740
vn 0.4130016 0.8964427 -0.1606864
v -0.0146410 0.1859180 -0.0249730
vn -0.8296252 0.4884492 -0.2704431
v -0.0908690 0.1501000 0.0139510
vn -0.7593331 0.5962788 0.2605092
v -0.0782500 0.1751470 -0.0444560
vn -0.1407237 0.8524759 0.5034698
v -0.0092940 0.0991400 0.0501990
vn 0.0303146 0.7686976 0.6388937
v 0.0016840 0.1255130 0.0322850
vn 0.3677733 0.8782653 0.3056026
v -0.0177520 0.1874530 -0.0184940
vn -0.0715035 0.9062879 0.4165686
v -0.0737370 0.1740830 -0.0388850
vn 0.2367092 0.7948623 0.5587152
v -0.0435640 0.1229820 0.0247840
vn -0.9416223 -0.3296307 -0.0684926
v -0.0927770 0.1170530 0.0348030
vn 0.1451863 0.7193227 0.6793349
v -0.0689120 0.1500590 0.0389820
vn 0.0676840 0.9915717 0.1104738
v -0.0578710 0.1557430 0.0128290
vn -0.0252941 0.8694382 0.4933939
v -0.0287100 0.1211210 0.0257430
vn 0.3176650 0.9327215 0.1706447
v -0.0690860 0.1560940 0.0001890
vn -0.4889130 0.8703138 -0.0593129
v -0.0209060 0.1863910 -0.0173340
vn 0.4728407 0.8337055 0.2852311
v -0.0692420 0.1723110 -0.0381550
vn -0.1013508 0.8821494 0.4599352
v -0.0718820 0.1613820 -0.0094180
vn 0.2013928 0.9463277 -0.2527944
v 0.0541120 0.0731800 0.0092240
vn 0.3673828 0.9283537 0.0564743
v 0.0478820 0.0735290 0.0147130
vn 0.8580316 0.4285394 0.2830827
v -0.0463630 0.1317180 0.0219250
vn 0.8170636 0.5645753 -0.1168834
v 0.0370290 0.1113840 0.0049420
vn 0.4694808 0.8364342 -0.2827818
v 0.0202000 0.1260170 0.0015940
vn -0.9891721 -0.1153574 -0.0907260
v -0.0763080 0.1499850 -0.0156760
vn 0.2648172 0.9224823 0.2808886
v 0.0539610 0.0736850 0.0187610
vn 0.0386398 0.9342420 0.3545405
v 0.0044600 0.1301590 0.0249640
vn 0.2302133 0.9678832 0.1010154
v -0.0356110 0.1278060 0.0123760
vn -0.4889815 0.7915071 0.3666247
v -0.0740010 0.1574700 -0.0041670
vn 0.5152069 0.8230377 -0.2391044
v -0.0452500 0.1293190 0.0033230
vn -0.2240904 0.9034186 0.3655385
v -0.0241520 0.1841390 -0.0117980
vn 0.3876361 0.7624136 0.5181351
v 0.0175050 0.1242690 0.0285180
vn -0.0496311 0.9188960 0.3913657
v -0.0709300 0.1539290 0.0323680
vn 0.8529913 0.3500623 0.3871205
v 0.0595010 0.0676220 0.0203800
vn 0.0823913 0.9336900 0.3484747
v -0.0371730 0.1265520 0.0197820
vn -0.0613874 0.9980990 0.0054745
v -0.0716670 0.1556160 0.0055080
vn -0.7385795 0.0121415 -0.6740571
v -0.0802770 0.1114570 -0.0016080
vn 0.0829085 0.7560203 0.6492761
v -0.0011520 0.0986890 0.0519480
vn -0.6476156 0.6867555 -0.3300924
v -0.0274870 0.1810710 -0.0140280
vn -0.0028386 0.9209860 0.3895853
v -0.0719880 0.1691230 -0.0246250
vn 0.5319659 0.7552270 0.3829421
v -0.0436090 0.1266260 0.0187890
vn -0.6396875 -0.1039452 -0.7615743
v -0.0711700 0.1786410 -0.0565020
vn 0.3504277 0.7084428 0.6126249
v 0.0211240 0.1214170 0.0317100
vn -0.3100356 0.8634086 0.3979996
v -0.0293620 0.1803090 -0.0077150
vn 0.7494805 0.5858922 0.3082358
v -0.0546980 0.1529900 0.0271940
vn -0.5188206 0.8523971 -0.0651490
v -0.0765990 0.1541320 0.0018040
vn 0.2836505 0.7849585 0.5508018
v -0.0541480 0.1553360 0.0118040
vn 0.6024224 0.7955092 0.0652116
v -0.0437500 0.1296650 0.0117030
vn 0.7066771 0.7075098 0.0061188
v 0.0310090 0.1193960 0.0118050
vn 0.5728611 0.8130919 -0.1034972
v 0.0252350 0.1239450 0.0078750
vn 0.0547816 0.9980568 -0.0296945
v -0.0289280 0.1256310 0.0091460
vn 0.6134459 0.7413927 0.2720684
v -0.0666920 0.1680110 -0.0274620
vn -0.0380953 0.9647291 -0.2604736
v 0.0012290 0.1307580 0.0017030
vn -0.9598597 0.1997089 -0.1969411
v -0.0879830 0.1028120 0.0089130
vn -0.6088237 0.7426161 -0.2790255
v -0.0381580 0.1749880 -0.0086620
vn 0.3504584 0.9358561 -0.0367743
v 0.0145710 0.1297190 0.0102880
vn -0.8008848 -0.5568606 0.2202038
v -0.0725080 0.0350450 0.0068860
vn -0.7230369 -0.1849332 0.6655955
v -0.0686120 0.0359250 0.0133640
vn -0.8654723 -0.1715271 -0.4706763
v -0.0645870 0.0354340 0.0241230
vn -0.9458247 -0.0704996 0.3169313
v -0.0664210 0.0367800 0.0377720
vn -0.6773461 0.1642455 0.7170954
v -0.0332560 0.0404290 0.0504380
vn -0.3965236 0.1407838 0.9071653
v -0.0287930 0.0402500 0.0536600
vn 0.1182351 -0.4357014 0.8922919
v -0.0222540 0.0363970 0.0541720
vn -0.4120378 0.1074230 -0.9048123
v -0.0571780 0.0953390 -0.0214070
vn -0.7747008 0.1398439 0.6166704
v -0.0637190 0.0358890 0.0180770
vn -0.8178769 0.5673649 0.0957833
v -0.0606600 0.0379990 0.0201070
vn -0.9053104 0.3298990 -0.2675440
v -0.0657580 0.0391840 0.0288240
vn -0.5806619 0.7619677 0.2867700
v -0.0615810 0.0464030 0.0389490
vn -0.7653871 0.1520091 0.6253605
v -0.0362810 0.0403500 0.0460800
vn -0.9102879 0.3285584 0.2518440
v -0.0725820 0.0384460 0.0072560
vn -0.8409964 0.5309104 -0.1042080
v -0.0710750 0.0396160 0.0039910
vn -0.6060189 0.1677919 0.7775519
v -0.0754630 0.0976460 0.0382260
vn -0.6528996 0.4295279 0.6238813
v -0.0616700 0.0428610 0.0428350
vn -0.1668389 0.6106717 0.7741091
v -0.0129190 0.1004430 0.0442810
vn -0.5186285 0.6463621 0.5596790
v -0.0651040 0.0428090 0.0119170
vn -0.4288272 0.4207645 0.7994152
v -0.0815750 0.1347050 0.0505850
vn -0.6155581 0.6805903 0.3973475
v -0.0578100 0.0478560 0.0087490
vn -0.6143398 0.5535334 0.5623055
v -0.0343970 0.0444500 0.0459150
vn -0.5745630 0.7781150 0.2538000
v -0.0493470 0.1663510 0.0007440
vn -0.5023730 -0.5743636 0.6463186
v -0.0718830 0.0731390 0.0354100
vn -0.7846851 0.4230261 0.4531207
v -0.0874910 0.1411650 0.0401410
vn -0.5697666 0.6228819 0.5360824
v -0.0224030 0.0936950 0.0502390
vn -0.4224526 0.7524961 0.5052558
v -0.0505150 0.0496180 0.0365370
vn -0.9352523 -0.1945389 0.2957326
v -0.0893120 0.0905460 0.0218510
vn -0.6496719 0.6645808 0.3691327
v -0.0758770 0.1623850 -0.0149290
vn -0.3724562 0.8348759 0.4052883
v -0.0297780 0.0504500 0.0423580
vn -0.0593886 0.6083912 0.7914122
v -0.0466320 0.1638560 0.0057080
vn -0.4968726 -0.0756434 0.8645205
v -0.0301270 0.0880910 0.0438220
vn -0.6870385 -0.1694334 0.7065907
v -0.0787870 0.0851910 0.0366340
vn -0.8970671 0.4071251 0.1718133
v -0.0501320 0.0477250 0.0168270
vn -0.6177745 0.1966706 -0.7613642
v -0.0443830 0.1653790 -0.0092030
vn -0.7955419 0.5142689 0.3203759
v -0.0518130 0.0510980 0.0316700
vn -0.8885462 -0.0949917 0.4488455
v -0.0835200 0.1080440 0.0256860
vn -0.7342735 -0.1133635 0.6693215
v -0.0250830 0.0821940 0.0538620
vn -0.6139742 0.0592859 0.7870965
v -0.0468510 0.0552650 0.0374040
vn -0.5910538 0.5349680 0.6037092
v -0.0235290 0.0517210 0.0423210
vn -0.8923748 -0.3824631 0.2395604
v -0.0501840 0.0545130 0.0154400
vn -0.8857173 -0.0994661 0.4534440
v -0.0926810 0.1204460 0.0433760
vn -0.9566880 0.1681313 0.2376554
v -0.0917320 0.1457740 0.0250470
vn -0.7482067 -0.6584021 0.0818134
v -0.0522790 0.0567580 0.0208130
vn -0.5366588 -0.2441719 0.8076989
v -0.0173200 0.0617760 0.0521190
vn -0.9514608 -0.2696527 -0.1483570
v -0.0748390 0.1500760 -0.0300500
vn -0.7930799 -0.0509924 0.6069795
v -0.0822270 0.0903830 0.0320920
vn -0.7034937 -0.4873947 0.5172457
v -0.0519120 0.0616020 0.0303720
vn -0.3298118 0.1873885 0.9252620
v -0.0701600 0.0971430 0.0417140
vn -0.8236546 -0.1745593 0.5395575
v -0.0227670 0.0628360 0.0442300
vn -0.2425856 -0.0723696 0.9674270
v -0.0798130 0.1275490 0.0536390
vn -0.8840492 0.1929148 -0.4257240
v -0.0773170 0.1779330 -0.0515130
vn -0.6052069 -0.4625412 0.6479046
v -0.0888700 0.1167570 0.0460800
vn -0.7321631 -0.2917486 0.6154835
v -0.0497200 0.0630250 0.0346340
vn -0.5566964 -0.0356674 0.8299500
v -0.0859470 0.1245110 0.0486120
vn -0.7717547 0.0998297 0.6280357
v -0.0838260 0.0968310 0.0307570
vn -0.3708252 -0.2116092 0.9042733
v -0.0310680 0.0818410 0.0414940
vn -0.5520623 0.0172874 -0.8336236
v -0.0751070 0.1136300 -0.0060240
vn -0.3261256 0.7106627 0.6233784
v -0.0166140 0.0957500 0.0526910
vn -0.6028251 0.3055318 0.7370565
v -0.0236840 0.0868880 0.0544100
vn -0.4812696 0.8206225 0.3081532
v -0.0584300 0.1572050 0.0076130
vn -0.0405869 -0.0471670 -0.9980621
v -0.0520270 0.0885610 -0.0219770
vn -0.7762011 0.2498972 0.5788465
v -0.0873710 0.1309180 0.0467340
vn -0.3624811 0.1396044 -0.9214760
v -0.0714570 0.1152050 -0.0078470
vn -0.2935656 -0.4070198 0.8649590
v -0.0805270 0.1167270 0.0485610
vn -0.9123377 0.2284445 0.3397839
v -0.0882320 0.1003210 0.0223270
vn -0.4788789 0.0257751 0.8775026
v -0.0716650 0.0902090 0.0418410
vn -0.0448979 0.3560667 -0.9333814
v -0.0406380 0.1077020 -0.0199710
vn -0.6951094 -0.3230320 0.6422408
v -0.0227960 0.0747050 0.0523530
vn -0.8431799 -0.3132596 0.4369394
v -0.0264440 0.0750950 0.0456840
vn -0.4120424 -0.3196569 0.8532529
v -0.0689770 0.0816280 0.0417910
vn -0.8479270 -0.3499716 -0.3981706
v -0.0451000 0.0344750 -0.0231920
vn -0.9368072 0.3442132 0.0625274
v -0.0933490 0.1306050 0.0214010
vn -0.7933374 0.3260649 -0.5140986
v -0.0617630 0.0387160 0.0237170
vn -0.8802739 -0.2911728 -0.3746150
v -0.0714890 0.1660780 -0.0462200
vn -0.8450016 0.3303735 -0.4205064
v -0.0447180 0.0383090 -0.0227820
vn -0.6633450 0.5206819 -0.5374606
v -0.0602540 0.0403820 0.0218110
vn -0.8788582 -0.1815552 -0.4411870
v -0.0685040 0.1686720 -0.0539810
vn -0.8793074 -0.2908811 -0.3771032
v -0.0787750 0.1732640 -0.0461970
vn -0.6509646 0.4079905 -0.6401475
v -0.0418970 0.0388470 -0.0264700
vn -0.8403077 0.1121285 -0.5303870
v -0.0883130 0.1296870 0.0025880
vn -0.5784677 0.6836104 -0.4450303
v -0.0405710 0.0455010 -0.0217440
vn -0.7068126 0.6672485 -0.2349367
v -0.0690880 0.0431310 0.0014240
vn -0.6037185 0.7964835 0.0337369
v -0.0560030 0.0420400 0.0194290
vn -0.7447071 0.6633166 -0.0736376
v -0.0637810 0.0447210 0.0325960
vn -0.7222918 0.5757406 -0.3831676
v -0.0637940 0.0429540 0.0281030
vn -0.6959118 -0.5719646 -0.4342389
v -0.0739570 0.1657650 -0.0400670
vn -0.8560040 -0.3531543 -0.3775437
v -0.0914210 0.1159960 0.0074070
vn -0.8895398 0.3656145 -0.2739433
v -0.0460690 0.0394730 -0.0172480
vn -0.5236914 0.7344982 -0.4315782
v -0.0577990 0.0469640 -0.0027070
vn -0.5635022 0.8070810 0.1763112
v -0.0671500 0.0452330 0.0063940
vn -0.6207416 0.7782078 -0.0952501
v -0.0548280 0.0486880 0.0302150
vn -0.7506568 0.5159044 -0.4127434
v -0.0534410 0.1620290 -0.0012130
vn -0.7541438 0.5389677 -0.3752081
v -0.0532160 0.0466570 0.0233160
vn -0.3275494 0.9206998 0.2121869
v -0.0533820 0.0493170 0.0351670
vn -0.5628922 -0.5847160 -0.5841743
v -0.0741070 0.1719180 -0.0476240
vn -0.5674862 0.3628826 -0.7391046
v -0.0275580 0.0490370 -0.0248120
vn -0.4284417 0.8665423 -0.2560121
v -0.0324080 0.0490910 -0.0190490
vn -0.7457232 0.6474578 -0.1571479
v -0.0583540 0.0483520 0.0020630
vn -0.6762028 0.1237691 -0.7262444
v -0.0797020 0.1395010 -0.0043180
vn -0.9386995 0.2810721 0.1996040
v -0.0789720 0.1665890 -0.0315000
vn -0.8483396 0.4342929 -0.3028358
v -0.0309230 0.0509980 -0.0149930
vn -0.8789876 0.0833064 0.4695114
v -0.0554770 0.0538380 0.0088350
vn -0.9951456 0.0527519 -0.0830821
v -0.0522270 0.0535240 0.0253910
vn -0.4274659 0.0352050 -0.9033457
v -0.0656750 0.1762970 -0.0607020
vn -0.8592702 0.2938673 -0.4186846
v -0.0295890 0.0507770 -0.0206550
vn -0.8400306 -0.1360830 -0.5251953
v -0.0546470 0.0554040 -0.0049580
vn -0.9492289 -0.3093193 -0.0573237
v -0.0575330 0.0567600 0.0031890
vn -0.9488016 -0.1343878 -0.2858592
v -0.0308960 0.0567840 -0.0166700
vn -0.4776877 -0.8645986 -0.1558326
v -0.0595700 0.0591360 0.0042200
vn -0.6869246 -0.6686384 0.2847056
v -0.0551250 0.0566550 0.0100470
vn -0.9400780 0.2102953 -0.2683825
v -0.0893460 0.1377010 0.0127890
vn -0.9097682 -0.3389560 -0.2396468
v -0.0793100 0.1676980 -0.0377830
vn -0.9773043 0.1830499 0.1066259
v -0.0919500 0.1278480 0.0317730
vn 0.1671341 0.2110766 -0.9630747
v 0.0014590 0.1035540 -0.0222080
vn -0.5950498 -0.4374656 -0.6741955
v -0.0421560 0.0341490 -0.0279530
vn -0.9295077 0.2946076 0.2218597
v -0.0769730 0.1578610 -0.0110490
vn -0.2433328 -0.6158355 -0.7493569
v -0.0166320 0.1668790 -0.0198390
vn -0.8236635 -0.1874338 -0.5352075
v -0.0688780 0.1576070 -0.0532410
vn -0.7058324 -0.2710430 -0.6544741
v -0.0259590 0.0560630 -0.0284770
vn -0.9153454 -0.2255807 -0.3335508
v -0.0289930 0.0599220 -0.0236230
vn -0.6238402 0.4801146 -0.6166955
v -0.0403960 0.1717370 -0.0096240
vn -0.9488112 0.2768813 0.1519675
v -0.0901670 0.1320680 0.0346690
vn -0.0750951 0.8777558 -0.4731865
v -0.0253700 0.1218860 -0.0073010
vn -0.8436758 -0.3677666 -0.3910997
v -0.0329370 0.0617850 -0.0144570
vn 0.2546628 -0.6036901 -0.7554503
v -0.0197910 0.0346990 -0.0276220
vn -0.6345730 0.7002998 -0.3269517
v -0.0587440 0.1573200 0.0028950
vn 0.6540825 0.3484810 -0.6713696
v 0.0338950 0.0954960 -0.0138880
vn -0.5887034 -0.7470726 -0.3087245
v -0.0711040 0.0646180 0.0014610
vn -0.7293062 0.4134449 -0.5451384
v -0.0859390 0.1386200 0.0026050
vn -0.8652281 -0.2736757 -0.4200977
v -0.0290270 0.0636470 -0.0281670
vn 0.8927405 -0.1651658 -0.4192071
v 0.0418890 0.0653220 -0.0031340
vn -0.0009722 0.4743559 -0.8803326
v -0.0436500 0.1162440 -0.0156380
vn -0.8012428 -0.3220475 -0.5042771
v -0.0290450 0.0679750 -0.0302040
vn 0.0595799 0.8515149 -0.5209344
v -0.0444430 0.1262140 -0.0075430
vn 0.4627215 0.3318433 -0.8220516
v 0.0127710 0.0900220 -0.0303520
vn -0.8341497 0.2888978 -0.4698215
v -0.0896170 0.1337930 0.0046860
vn -0.6383722 -0.7138547 -0.2879106
v -0.0757370 0.0702200 -0.0000060
vn -0.6905805 0.6671553 -0.2792889
v -0.0463740 0.1689980 -0.0046780
vn -0.5352771 -0.2322065 -0.8121321
v -0.0355490 0.0735460 -0.0188110
vn -0.6269234 -0.6499709 -0.4295402
v -0.0767400 0.0722790 -0.0052630
vn -0.8389907 -0.4320596 -0.3307855
v -0.0822660 0.0767280 0.0004120
vn -0.8127119 -0.5692027 0.1245301
v -0.0821930 0.0756120 0.0166120
vn -0.8035979 0.1993697 -0.5607871
v -0.0893460 0.1484230 0.0102960
vn -0.9757322 0.2126493 0.0522199
v -0.0905200 0.1358060 0.0200710
vn -0.9856052 0.0338265 -0.1656447
v -0.0730010 0.1552620 -0.0314300
vn -0.8278021 -0.4858898 -0.2804547
v -0.0741730 0.1597110 -0.0301510
vn -0.7294162 0.4615772 -0.5048748
v -0.0817970 0.1504290 0.0021310
vn 0.4536765 0.2089984 -0.8663125
v 0.0264970 0.0899500 -0.0225370
vn -0.9791991 -0.1755526 -0.1017372
v -0.0769300 0.1534510 -0.0091820
vn -0.9432009 -0.1568630 -0.2928586
v -0.0334180 0.0763110 -0.0272970
vn 0.1441227 0.2584997 -0.9551998
v 0.0063910 0.1097450 -0.0201900
vn -0.8623354 -0.3943316 -0.3176166
v -0.0829920 0.0809040 -0.0001990
vn -0.9266734 -0.3509961 -0.1344552
v -0.0859860 0.0798840 0.0087470
vn -0.8986045 -0.4228692 0.1170117
v -0.0863120 0.0797330 0.0167210
vn -0.6897633 -0.1204994 -0.7139373
v -0.0754200 0.1436970 -0.0062210
vn -0.9833302 -0.1382606 -0.1180924
v -0.0759030 0.1505860 -0.0205600
vn -0.8466733 -0.1225786 -0.5178019
v -0.0317440 0.0770650 -0.0321590
vn -0.7977232 0.1337843 -0.5879962
v -0.0333760 0.0846340 -0.0257960
vn -0.9270558 -0.3656830 -0.0827255
v -0.0866100 0.0837240 0.0089090
vn -0.8912631 -0.3201871 0.3211390
v -0.0851740 0.0841820 0.0242460
vn -0.6723080 0.6102395 0.4190581
v -0.0867490 0.1479380 0.0327870
vn 0.7048588 0.6599420 -0.2600973
v 0.0323970 0.1161120 0.0001090
vn -0.9421403 -0.3251970 0.0813545
v -0.0869080 0.0848210 0.0153550
vn -0.6019118 0.7863019 0.1393968
v -0.0889330 0.1520680 0.0205620
vn 0.5648320 0.0867380 -0.8206347
v 0.0293390 0.0854350 -0.0207280
vn -0.9007587 0.1644041 -0.4020014
v -0.0321980 0.0819050 -0.0304060
vn -0.8630188 -0.1025936 -0.4946445
v -0.0788210 0.0844130 -0.0104310
vn -0.8537267 -0.3196877 -0.4110360
v -0.0847190 0.0842310 -0.0023040
vn -0.9193563 -0.2954394 -0.2598070
v -0.0877220 0.0857730 0.0039470
vn -0.9626356 -0.0905444 -0.2552146
v -0.0913500 0.1442820 0.0155520
vn -0.9578340 -0.1860834 -0.2189223
v -0.0746790 0.1537630 -0.0186950
vn -0.9647061 0.2589564 0.0477883
v -0.0917230 0.1480340 0.0196050
vn -0.8422977 -0.0404584 -0.5374921
v -0.0841030 0.0911280 -0.0053840
vn -0.9287089 -0.3496511 -0.1234664
v -0.0777510 0.1563420 -0.0179980
vn -0.9425178 -0.3203124 -0.0951846
v -0.0785940 0.1614630 -0.0261690
vn -0.4872125 -0.4033092 -0.7745746
v -0.0662890 0.1620960 -0.0583570
vn -0.9667246 -0.2300095 -0.1119781
v -0.0863250 0.1091400 0.0131570
vn -0.9168516 -0.0723749 -0.3926133
v -0.0864530 0.0926960 0.0027560
vn -0.9583173 0.0384283 -0.2831100
v -0.0884790 0.0921530 0.0067690
vn -0.9893885 0.0629370 0.1309559
v -0.0887590 0.1371750 0.0261840
vn -0.8047082 0.5394957 0.2477684
v -0.0786300 0.1700600 -0.0363330
vn -0.9699512 0.0095172 -0.2431135
v -0.0704210 0.1586430 -0.0465730
vn -0.6271124 0.2621565 -0.7334876
v -0.0283680 0.0847870 -0.0359200
vn -0.4931782 -0.0046689 -0.8699158
v -0.0734720 0.0861840 -0.0157530
vn -0.6326635 0.1051438 -0.7672559
v -0.0775400 0.0941060 -0.0123390
vn -0.9800470 0.0782055 0.1827344
v -0.0895670 0.1412680 0.0310550
vn -0.9583972 -0.2521811 -0.1337145
v -0.0766880 0.1480070 -0.0077750
vn -0.8956999 0.4041287 -0.1854774
v -0.0771710 0.1528030 -0.0023450
vn -0.7547870 0.1709420 -0.6333053
v -0.0821370 0.1383330 -0.0009400
vn -0.0363962 0.5733079 -0.8185313
v 0.0025270 0.1164880 -0.0182020
vn 0.1255782 0.6355721 -0.7617600
v -0.0004460 0.0999760 -0.0233630
vn 0.3376660 0.6870667 -0.6433670
v 0.0142920 0.1210760 -0.0116540
vn -0.5035438 0.6602634 -0.5572215
v -0.0167980 0.1856400 -0.0244250
vn 0.3302246 0.5153642 -0.7907916
v 0.0531840 0.0661410 -0.0005030
vn -0.0666151 0.3337189 -0.9403160
v -0.0530180 0.1110570 -0.0181840
vn -0.5525046 0.5198789 -0.6515096
v -0.0665500 0.0408880 -0.0053880
vn 0.7968651 0.4962005 -0.3446609
v 0.0356730 0.1084570 -0.0044470
vn 0.2190941 0.5722007 -0.7903064
v -0.0520040 0.1271570 -0.0049110
vn -0.0634070 0.6785834 -0.7317815
v -0.0125720 0.0993550 -0.0243590
vn -0.0994138 0.9684566 -0.2284922
v -0.0634710 0.1545170 0.0035200
vn -0.1020469 0.5373110 -0.8371878
v -0.0136930 0.1837490 -0.0280750
vn -0.1694100 0.1094681 -0.9794473
v -0.0569780 0.1496080 -0.0016730
vn 0.3093944 0.4976372 -0.8103285
v 0.0205770 0.1067780 -0.0164690
vn 0.4237017 0.6895754 -0.5873352
v 0.0475380 0.0713640 0.0048940
vn 0.1947322 0.5041112 -0.8413984
v 0.0134750 0.0968680 -0.0237230
vn -0.3067919 -0.4760182 -0.8241878
v -0.0515180 0.0340890 -0.0127370
vn 0.4554087 0.7404166 -0.4943545
v -0.0632240 0.1518970 -0.0006980
vn 0.4743630 0.3042042 -0.8260990
v -0.0598880 0.1451160 -0.0026570
vn -0.2526475 0.2960829 -0.9211429
v -0.0657920 0.1174220 -0.0089930
vn 0.4343320 0.5282264 -0.7296112
v 0.0255160 0.1127490 -0.0114020
vn 0.6724260 0.1440011 -0.7260213
v 0.0369000 0.0870950 -0.0162240
vn 0.2452564 0.6408926 -0.7273968
v 0.0035620 0.0953150 -0.0312020
vn 0.1023542 0.6889463 -0.7175490
v 0.0081650 0.1207630 -0.0141910
vn 0.1359064 0.4041073 -0.9045590
v 0.0135180 0.1051770 -0.0194030
vn 0.2951136 0.3612389 -0.8845419
v 0.0127250 0.1119490 -0.0182670
vn 0.1468354 0.5402189 -0.8286151
v 0.0066100 0.1000830 -0.0216690
vn -0.2303466 0.7915732 -0.5659968
v -0.0140960 0.1215390 -0.0093850
vn -0.2619271 0.6095351 -0.7482387
v -0.0240720 0.0960020 -0.0251530
vn 0.5245436 0.1070819 -0.8446227
v -0.0547660 0.1424670 -0.0015500
vn 0.0184243 0.5702577 -0.8212592
v -0.0348160 0.1137750 -0.0171170
vn 0.0064748 -0.1482284 -0.9889320
v -0.0338520 0.0353680 -0.0310630
vn 0.4932077 0.3354662 -0.8026261
v 0.0268900 0.0967330 -0.0198070
vn -0.0979333 0.6834255 -0.7234215
v -0.0113680 0.1192970 -0.0141040
vn 0.0843218 0.7747568 -0.6266113
v -0.0052090 0.0962490 -0.0318460
vn -0.4271055 0.3787566 -0.8210508
v -0.0532540 0.0452000 -0.0079330
vn 0.1381770 0.1854748 -0.9728855
v -0.0106350 0.0857290 -0.0384180
vn -0.2755920 0.5163749 -0.8108059
v -0.0345080 0.0434830 -0.0290640
vn 0.5124177 0.1136870 -0.8511777
v -0.0620650 0.1409700 -0.0062170
vn 0.6111781 0.5092868 -0.6058782
v 0.0574500 0.0686770 0.0032430
vn -0.0488751 0.6003726 -0.7982256
v -0.0187800 0.1135510 -0.0184480
vn -0.0650479 0.6608148 -0.7477249
v -0.0041360 0.1166580 -0.0160490
vn 0.1486701 0.4713067 -0.8693488
v 0.0175160 0.1020010 -0.0222480
vn -0.3998866 0.4485312 -0.7993189
v -0.0421070 0.0478430 -0.0113580
vn -0.4263595 0.7759908 -0.4648182
v -0.0369070 0.0461500 -0.0241110
vn 0.2482806 0.2215530 -0.9430117
v 0.0068560 0.0885570 -0.0327040
vn 0.6055212 0.3320321 -0.7232558
v 0.0337430 0.0917370 -0.0171910
vn 0.4748169 0.2267315 -0.8503774
v 0.0170260 0.0868690 -0.0286150
vn 0.4691802 0.7367511 -0.4868960
v -0.0474270 0.1292590 -0.0002670
vn 0.5152448 0.0556956 -0.8552314
v 0.0393650 0.0585780 -0.0047600
vn -0.5998150 0.3415338 -0.7235861
v -0.0480500 0.0364560 -0.0125170
vn -0.0590072 0.4000678 -0.9145841
v -0.0455630 0.1113650 -0.0172780
vn 0.0035628 0.4858545 -0.8740325
v -0.0062310 0.1109660 -0.0220380
vn -0.0352000 0.5531865 -0.8323135
v -0.0131330 0.1127950 -0.0180980
vn -0.1053125 0.8672097 -0.4866791
v -0.0131200 0.0968130 -0.0308950
vn 0.5672150 0.1540253 -0.8090386
v -0.0574280 0.1383240 -0.0053320
vn 0.3234663 0.1703637 -0.9307770
v -0.0598910 0.1333750 -0.0071560
vn -0.0877156 0.5801349 -0.8097836
v -0.0272540 0.1112860 -0.0179540
vn 0.4555633 0.4293756 -0.7798069
v 0.0264980 0.1027450 -0.0174290
vn 0.7891468 0.4053982 -0.4614103
v -0.0490120 0.1333430 0.0011090
vn -0.1236318 0.6530698 -0.7471379
v -0.0174380 0.0982120 -0.0246570
vn 0.4477656 0.4131427 -0.7929811
v 0.0441760 0.0665220 0.0002950
vn -0.2539927 -0.6015347 -0.7573928
v -0.0372630 0.0336930 -0.0304270
vn 0.7086958 0.3169426 -0.6303155
v 0.0357690 0.1024430 -0.0110710
vn -0.0857952 0.7479053 -0.6582377
v -0.0663540 0.1803350 -0.0597080
vn 0.5614936 0.3466236 -0.7513835
v -0.0527840 0.1325890 -0.0041330
vn 0.2609262 0.9239407 -0.2797342
v -0.0374730 0.1271920 -0.0011140
vn 0.2336584 0.9335862 -0.2716996
v 0.0106170 0.1301940 0.0021530
vn -0.0404378 0.4904081 -0.8705543
v -0.0216380 0.1086720 -0.0216700
vn -0.3869212 0.6754683 -0.6277218
v -0.0231390 0.0928750 -0.0341980
vn -0.2128930 0.9624943 -0.1681709
v -0.0185550 0.1276410 0.0054050
vn 0.0944865 0.4586191 -0.8835954
v -0.0013620 0.1119620 -0.0198760
vn 0.6420359 0.5642977 -0.5189971
v 0.0320180 0.1122520 -0.0072890
vn -0.0929532 0.7482988 -0.6568171
v -0.0225100 0.1176960 -0.0134370
vn -0.0943083 0.4023919 -0.9105969
v -0.0600990 0.1207010 -0.0090620
vn -0.0120180 0.5869995 -0.8094981
v -0.0139560 0.0925890 -0.0360880
vn -0.1305206 0.6073204 -0.7836621
v -0.0505400 0.1201390 -0.0131370
vn 0.1599624 0.8078325 -0.5672905
v -0.0327640 0.1210610 -0.0086370
vn -0.1085086 0.7895813 -0.6039763
v -0.0066740 0.1256110 -0.0087700
vn 0.1037717 0.8380577 -0.5356219
v 0.0063040 0.1266250 -0.0067120
vn 0.4972829 0.7260544 -0.4749261
v 0.0237440 0.1202480 -0.0055380
vn 0.1638027 0.4282392 -0.8886956
v 0.0498960 0.0621230 -0.0036280
vn -0.2251040 0.8697942 -0.4390743
v -0.0161370 0.1252260 -0.0038570
vn -0.1879824 0.9352973 -0.2998027
v -0.0086770 0.1285490 -0.0016830
vn 0.0909469 -0.9454065 -0.3129461
v 0.0054020 0.0341210 -0.0210280
vn 0.0963231 -0.6200495 -0.7786273
v -0.0011550 0.0351870 -0.0241780
vn 0.1479032 -0.5503726 -0.8217145
v -0.0107760 0.0353920 -0.0251870
vn 0.1833399 -0.3946695 -0.9003457
v 0.0051620 0.0365960 -0.0241740
vn -0.4259289 0.2750479 -0.8619358
v -0.0690640 0.1015830 -0.0148120
vn -0.5649838 0.2016040 -0.8000932
v -0.0673380 0.0364400 -0.0068040
vn -0.6397955 -0.5529538 -0.5337639
v -0.0688440 0.0338710 -0.0056510
vn 0.3452416 -0.8206053 -0.4554286
v 0.0238890 0.0361590 -0.0005260
vn 0.1162668 -0.0851370 -0.9895624
v -0.0066190 0.0398870 -0.0259180
vn 0.1903093 -0.5145329 -0.8360851
v -0.0256390 0.0350340 -0.0290550
vn -0.4741824 0.1829516 -0.8612084
v -0.0786070 0.1327650 -0.0055460
vn -0.3152735 -0.5609767 -0.7654461
v -0.0630590 0.0338810 -0.0087860
vn 0.2979185 -0.7247764 -0.6212437
v 0.0367400 0.0402220 -0.0018370
vn 0.2559476 -0.3971564 -0.8813386
v -0.0169490 0.0361190 -0.0270970
vn 0.2727906 -0.3558955 -0.8938253
v 0.0125930 0.0390940 -0.0227180
vn 0.1277390 -0.3930813 -0.9105877
v -0.0045550 0.0429750 -0.0255420
vn 0.2036546 0.0567226 -0.9773983
v -0.0205530 0.0416180 -0.0287860
vn -0.2593090 0.3649212 -0.8941988
v -0.0526580 0.0410020 -0.0105700
vn -0.8326777 0.2580027 -0.4899822
v -0.0699390 0.0372010 -0.0022000
vn -0.6041898 0.3437001 -0.7189054
v -0.0285390 0.1771490 -0.0167960
vn 0.3496436 -0.6700559 -0.6548088
v 0.0249040 0.0393340 -0.0041100
vn -0.4928651 -0.7048131 0.5102181
v -0.0335210 0.0353420 0.0487400
vn 0.2795285 -0.3869614 -0.8787063
v 0.0129500 0.0468590 -0.0258750
vn 0.0718433 -0.2514158 -0.9652091
v -0.0165010 0.0441960 -0.0274430
vn 0.0531908 0.2875136 -0.9562985
v -0.0299210 0.0418700 -0.0297970
vn 0.3706162 -0.6185825 -0.6928199
v 0.0426080 0.0457050 -0.0036400
vn -0.3651383 0.1348617 -0.9211332
v -0.0606560 0.0962770 -0.0187300
vn 0.5636692 -0.4111281 -0.7164152
v 0.0205630 0.0472600 -0.0211150
vn 0.1267716 -0.4561596 -0.8808220
v 0.0065840 0.0450970 -0.0254240
vn -0.0160226 -0.6433462 -0.7654077
v -0.0066340 0.0457130 -0.0293570
vn 0.1541632 -0.3831859 0.9107153
v -0.0512010 0.0362660 0.0466960
vn -0.5839447 0.4243377 -0.6920595
v -0.0466340 0.0417530 -0.0117150
vn 0.6901360 -0.2822108 -0.6663854
v 0.0273610 0.0506020 -0.0201930
vn 0.2403795 -0.4400602 -0.8651963
v 0.0011910 0.0482510 -0.0301160
vn 0.1064308 -0.2872846 -0.9519139
v -0.0041830 0.0516630 -0.0315920
vn -0.7564747 0.1981770 -0.6232752
v -0.0545320 0.0487940 -0.0056070
vn 0.1721205 -0.3150591 -0.9333340
v 0.0397170 0.0481960 -0.0062730
vn 0.4906408 -0.5774081 -0.6525884
v 0.0295730 0.0468260 -0.0069420
vn 0.3147020 -0.1670866 -0.9343687
v 0.0148760 0.0553880 -0.0289060
vn -0.0235819 -0.5675698 -0.8229875
v -0.0116750 0.0467140 -0.0295360
vn -0.1956615 -0.0033005 -0.9806659
v -0.0219690 0.0466380 -0.0276470
vn -0.1041213 0.4094339 -0.9063789
v -0.0332390 0.1069540 -0.0200550
vn -0.4392098 -0.1467035 -0.8863255
v -0.0236650 0.1729230 -0.0205030
vn 0.4859153 -0.4850076 -0.7270859
v 0.0475930 0.0489790 -0.0037450
vn -0.1394733 -0.5591295 -0.8172646
v -0.0694800 0.1410870 -0.0082230
vn -0.0647845 -0.7490502 -0.6593382
v -0.0674650 0.1558280 -0.0528250
vn 0.4572677 -0.2549747 -0.8519942
v 0.0354480 0.0532260 -0.0066980
vn 0.4335531 -0.4865813 -0.7584659
v 0.0220270 0.0513940 -0.0242190
vn 0.0918199 -0.2162575 -0.9720092
v 0.0081790 0.0544730 -0.0306460
vn 0.2244930 -0.3420223 -0.9124821
v 0.0048580 0.0514100 -0.0294060
vn -0.0995484 -0.1366178 -0.9856093
v -0.0433170 0.0543220 -0.0112490
vn 0.5624935 -0.1473106 -0.8135728
v 0.0229290 0.0564840 -0.0262630
vn 0.2967053 -0.3014339 -0.9061477
v 0.0022960 0.0575250 -0.0322500
vn -0.2742890 -0.4319109 -0.8591965
v -0.0173620 0.0518820 -0.0318520
vn -0.5124447 0.4230785 -0.7472651
v -0.0328900 0.0509950 -0.0106670
vn -0.3969070 0.1870359 -0.8986003
v -0.0689410 0.0961730 -0.0162130
vn 0.1652659 -0.2684086 -0.9490227
v -0.0027240 0.0551230 -0.0319880
vn -0.0430323 -0.3736789 -0.9265594
v -0.0142410 0.0559330 -0.0345460
vn -0.1169667 -0.1985179 -0.9730927
v -0.0352030 0.0568180 -0.0105420
vn 0.2254364 0.0343040 -0.9736538
v 0.0464430 0.0552280 -0.0063320
vn -0.7259169 -0.1466442 -0.6719674
v -0.0869200 0.1215430 -0.0019670
vn 0.4045078 -0.2588178 -0.8771470
v 0.0053800 0.0600060 -0.0310520
vn -0.4384314 -0.3521152 -0.8269177
v -0.0212060 0.0631780 -0.0354070
vn -0.0130647 0.3375526 -0.9412160
v -0.0148220 0.1048130 -0.0227480
vn 0.1994687 -0.1253951 -0.9718479
v -0.0010890 0.0631340 -0.0348060
vn 0.1892589 -0.1931885 -0.9627354
v -0.0097260 0.0631590 -0.0358720
vn -0.6955482 -0.3023622 -0.6517591
v -0.0325020 0.0587360 -0.0121480
vn 0.0229073 -0.3500297 -0.9364585
v -0.0414930 0.0625120 -0.0131500
vn -0.1912498 0.2609269 -0.9462245
v -0.0554940 0.1039610 -0.0191970
vn -0.0687394 0.0542084 -0.9961608
v -0.0691040 0.1277000 -0.0092580
vn 0.4570247 -0.0053398 -0.8894380
v 0.0206320 0.0609020 -0.0266120
vn -0.5219699 -0.0414480 -0.8519564
v -0.0506230 0.0524310 -0.0082900
vn -0.5936310 -0.6081246 -0.5270548
v -0.0568450 0.0610460 -0.0039820
vn -0.3511400 0.0634913 -0.9341679
v -0.0771770 0.1274170 -0.0074400
vn 0.2102087 -0.1893881 -0.9591373
v 0.0105930 0.0678710 -0.0307740
vn 0.3173748 -0.1803650 -0.9309897
v 0.0067670 0.0647120 -0.0325300
vn 0.0065992 -0.2525659 -0.9675573
v -0.0154850 0.0649920 -0.0376110
vn -0.3971745 -0.8084082 -0.4344291
v -0.0652810 0.0624130 -0.0027340
vn 0.6165484 -0.0818348 -0.7830525
v 0.0268230 0.0649510 -0.0213370
vn 0.3275320 -0.1317925 -0.9356033
v 0.0150810 0.0666690 -0.0302600
vn -0.2949987 -0.2127986 -0.9315002
v -0.0299440 0.1671870 -0.0170590
vn -0.5526721 -0.2085427 -0.8068851
v -0.0175860 0.1759440 -0.0245740
vn -0.2070964 0.2814271 -0.9369684
v -0.0327190 0.1021310 -0.0221680
vn 0.2062821 -0.0927910 -0.9740829
v -0.0001420 0.0689840 -0.0339590
vn 0.2352711 -0.1111857 -0.9655492
v -0.0080580 0.0668270 -0.0357120
vn -0.6340528 -0.2302166 -0.7382259
v -0.0279150 0.0735850 -0.0353820
vn -0.4117173 -0.4342283 -0.8012083
v -0.0352790 0.0660100 -0.0148820
vn -0.3048666 -0.3338232 -0.8919745
v -0.0470000 0.0646680 -0.0137510
vn -0.2927198 -0.7458308 -0.5983741
v -0.0609800 0.0656420 -0.0081720
vn 0.3923084 0.1284037 -0.9108275
v -0.0101190 0.1783750 -0.0301930
vn -0.3715650 0.4484194 -0.8129327
v -0.0618010 0.1128800 -0.0143940
vn 0.0324471 -0.0502415 -0.9982100
v -0.0678210 0.1391000 -0.0080200
vn -0.8675150 -0.2956706 -0.3999957
v -0.0328180 0.0684290 -0.0199950
vn -0.3664808 -0.5251275 -0.7680709
v -0.0533170 0.0651280 -0.0102050
vn -0.3470267 -0.2534210 -0.9029675
v -0.0383570 0.1608980 -0.0128900
vn -0.7750347 -0.6157154 0.1421822
v -0.0803830 0.0710960 0.0159620
vn 0.5201579 -0.0577948 -0.8521124
v 0.0222210 0.0697650 -0.0272750
vn -0.6936378 0.1112005 -0.7116889
v -0.0860870 0.1267390 -0.0028980
vn 0.2292078 -0.1033292 -0.9678775
v -0.0080050 0.0758740 -0.0379110
vn -0.2881458 -0.1326855 -0.9483494
v -0.0222560 0.0734690 -0.0388370
vn -0.1007214 -0.3435286 -0.9337255
v -0.0382980 0.0730220 -0.0174100
vn -0.1751260 -0.6569231 -0.7333369
v -0.0593520 0.0701170 -0.0152450
vn -0.4837333 -0.7021469 -0.5224863
v -0.0689260 0.0682960 -0.0058290
vn -0.5201037 0.3566742 -0.7760643
v -0.0650030 0.1067830 -0.0146400
vn 0.3569339 -0.1949147 -0.9135680
v 0.0090440 0.0706690 -0.0326350
vn -0.0719743 -0.3336663 -0.9399397
v -0.0432960 0.0712830 -0.0178360
vn -0.3754118 -0.1928812 -0.9065666
v -0.0767300 0.1183610 -0.0070490
vn 0.4574538 0.0199264 -0.8890101
v 0.0131390 0.0754110 -0.0306290
vn 0.3538157 -0.1247832 -0.9269540
v 0.0077890 0.0737860 -0.0341760
vn 0.2566631 -0.1038613 -0.9609042
v -0.0020960 0.0773500 -0.0362860
vn 0.5488684 0.0628714 -0.8335411
v 0.0260250 0.0758640 -0.0246150
vn 0.0917897 -0.0858348 -0.9920721
v -0.0141010 0.0762180 -0.0386810
vn -0.0748541 -0.4604780 -0.8845094
v -0.0568610 0.0754250 -0.0188000
vn -0.4804951 -0.6685378 -0.5676105
v -0.0693050 0.0722720 -0.0113370
vn 0.3669382 0.0803685 -0.9267672
v 0.0082780 0.0798880 -0.0334250
vn 0.0269608 -0.3728696 -0.9274920
v -0.0458000 0.0792650 -0.0194880
vn -0.1813681 -0.4497791 -0.8745309
v -0.0485110 0.0723610 -0.0157550
vn 0.1225004 -0.0377964 -0.9917485
v -0.0146790 0.0809050 -0.0394150
vn -0.2267623 0.0454590 -0.9728887
v -0.0211610 0.0811460 -0.0391140
vn -0.6201278 -0.3265579 -0.7133032
v -0.0353810 0.0778260 -0.0196900
vn -0.3114394 -0.1479959 -0.9386708
v -0.0617450 0.0815170 -0.0194080
vn -0.4333615 -0.1633878 -0.8862857
v -0.0506460 0.1540610 -0.0050290
vn -0.0561403 0.2402771 -0.9690796
v -0.0394080 0.1019850 -0.0210120
vn 0.3236946 0.0529975 -0.9446762
v -0.0019890 0.0840290 -0.0373080
vn -0.1092840 -0.2433723 -0.9637567
v -0.0555400 0.0813560 -0.0215640
vn -0.3982630 -0.3895174 -0.8304594
v -0.0676060 0.0769980 -0.0165880
vn -0.5754694 -0.5115905 -0.6380519
v -0.0728350 0.0754790 -0.0115480
vn -0.3938281 0.1534803 -0.9062799
v -0.0634030 0.1026670 -0.0181090
vn -0.5985287 -0.1809792 -0.7803909
v -0.0743520 0.0838240 -0.0150330
vn -0.7683429 -0.3255430 -0.5510636
v -0.0798650 0.0806470 -0.0070370
vn -0.5285038 0.2606986 -0.8079109
v -0.0750440 0.0991030 -0.0127720
vn 0.2137886 -0.3316596 -0.9188560
v -0.0530790 0.1453670 -0.0010620
vn 0.6414430 -0.0468917 -0.7657363
v 0.0334530 0.0808620 -0.0188310
vn 0.5255740 0.1498064 -0.8374546
v 0.0244340 0.0842010 -0.0247240
vn -0.1143375 0.2931921 -0.9491919
v -0.0182310 0.0863840 -0.0387710
vn -0.3347056 -0.0302554 -0.9418370
v -0.0363410 0.0877140 -0.0237360
vn -0.3704020 -0.4915889 -0.7881262
v -0.0360380 0.0812940 -0.0221840
vn -0.1123709 -0.2820281 -0.9528027
v -0.0421680 0.0840870 -0.0211480
vn -0.6683425 0.1820863 -0.7212232
v -0.0551940 0.1558540 -0.0018160
vn 0.3123156 0.3168457 -0.8955824
v 0.0200220 0.0950550 -0.0230440
vn 0.3242851 0.1460002 -0.9346246
v 0.0034290 0.0848560 -0.0340630
vn -0.3238603 0.0128677 -0.9460174
v -0.0577160 0.0870470 -0.0213310
vn -0.2286488 0.1311875 -0.9646293
v -0.0643270 0.0934600 -0.0187290
vn 0.2429812 0.4158492 -0.8763730
v -0.0024860 0.0914280 -0.0350220
vn -0.1148143 -0.0903366 -0.9892710
v -0.0435590 0.0897150 -0.0221400
vn 0.1088521 -0.8784591 -0.4652536
v -0.0310480 0.0335060 -0.0293070
vn 0.0754889 -0.9862431 -0.1470579
v -0.0270660 0.0335180 -0.0263700
vn 0.1119275 -0.9630159 -0.2450971
v -0.0187310 0.0335260 -0.0248550
vn 0.0598896 -0.9725731 -0.2247552
v -0.0007950 0.0339320 -0.0218750
vn 0.0540171 -0.9565311 -0.2865841
v -0.0107020 0.0336650 -0.0233780
vn -0.0245675 -0.9852398 0.1694077
v 0.0001020 0.0341450 -0.0182650
vn -0.2726621 -0.9521601 -0.1380096
v -0.0435250 0.0335220 -0.0235730
vn 0.1021557 -0.9597781 0.2615155
v -0.0337690 0.0337820 -0.0212160
vn -0.0445645 -0.8725879 0.4864199
v -0.0203360 0.0339950 -0.0202200
vn -0.1498641 -0.9685140 0.1988003
v 0.0090410 0.0341560 -0.0143190
vn 0.0735533 -0.6913781 0.7187394
v -0.0310510 0.0353950 -0.0196930
vn -0.1814123 -0.7435135 0.6436438
v 0.0029550 0.0347460 -0.0158460
vn -0.0917257 -0.8264882 0.5554311
v -0.0069280 0.0347260 -0.0174400
vn -0.1811665 -0.9834194 -0.0080739
v 0.0113820 0.0342840 -0.0098870
vn -0.0461492 -0.8750094 0.4819012
v -0.0207310 0.0385640 -0.0170340
vn -0.2938132 -0.8265070 0.4801667
v 0.0043050 0.0384470 -0.0130910
vn 0.0592413 -0.8767446 0.4772940
v -0.0283840 0.0387140 -0.0173940
vn -0.4942607 -0.8535482 -0.1648088
v 0.0062400 0.0386380 -0.0070660
vn -0.6036342 -0.7050646 -0.3721689
v -0.0477810 0.0336680 -0.0148690
vn 0.0139514 -0.9997860 -0.0152784
v -0.0214190 0.0385980 -0.0087270
vn -0.0518213 -0.9970455 0.0566993
v 0.0002260 0.0392940 -0.0103730
vn -0.3690838 -0.9018831 -0.2244642
v 0.0052070 0.0343510 -0.0007180
vn 0.3530744 -0.8774139 0.3247822
v -0.0342920 0.0382630 -0.0150160
vn 0.3496759 -0.9213380 0.1698914
v -0.0400130 0.0340670 -0.0131970
vn 0.0172037 -0.9983189 0.0553491
v 0.0168930 0.0342770 0.0019430
vn 0.1765534 -0.9636708 -0.2004186
v 0.0237020 0.0347450 0.0026050
vn 0.2253533 -0.9495353 -0.2181714
v 0.0299950 0.0354790 0.0048020
vn -0.2752631 -0.5708943 -0.7735050
v -0.0580900 0.0336770 -0.0108310
vn 0.0057645 -0.9991243 -0.0414416
v -0.0532640 0.0333870 -0.0071210
vn 0.3710196 -0.9283215 -0.0237420
v -0.0419750 0.0338080 -0.0060000
vn -0.0607866 -0.8915777 0.4487696
v -0.0076680 0.0390450 -0.0145580
vn -0.1016524 -0.9873475 0.1217032
v 0.0218800 0.0343890 0.0063100
vn 0.4626872 -0.8865068 -0.0051264
v -0.0380450 0.0382520 -0.0073120
vn 0.2386169 -0.9565463 -0.1675744
v -0.0293240 0.0382380 0.0028670
vn -0.3095127 -0.9466709 -0.0895328
v -0.0033620 0.0385570 0.0070720
vn -0.3761453 -0.9125860 -0.1603174
v 0.0013220 0.0341770 0.0062040
vn 0.3175492 -0.9481726 0.0114559
v 0.0349290 0.0358960 0.0116080
vn 0.2181927 -0.9649464 -0.1458437
v -0.0404830 0.0335890 0.0007770
vn -0.3927024 -0.8834088 -0.2556828
v 0.0005030 0.0386240 0.0003590
vn 0.0759932 -0.9965772 0.0325425
v 0.0079740 0.0353030 0.0052390
vn -0.0790925 -0.9965169 0.0264297
v 0.0257490 0.0343730 0.0123160
vn 0.7703827 -0.0493102 -0.6356721
v -0.0345410 0.0383180 -0.0022590
vn 0.0148958 -0.9998237 0.0114334
v -0.0116040 0.0382680 0.0174430
vn 0.0336940 -0.9991544 -0.0235638
v 0.0046700 0.0339540 0.0114500
vn 0.0695391 -0.9677631 0.2420721
v -0.0483540 0.0334710 0.0058710
vn -0.1500480 -0.9881875 -0.0311632
v -0.0685800 0.0334390 -0.0017940
vn 0.0194160 -0.9995363 -0.0234570
v -0.0146350 0.0384710 0.0012850
vn -0.2787545 -0.9600995 0.0224726
v 0.0225910 0.0362650 0.0121930
vn 0.4213262 -0.8941022 0.1518738
v 0.0426040 0.0399570 0.0164540
vn -0.1507323 -0.7304604 0.6661137
v -0.0567030 0.0666490 0.0361980
vn 0.1296217 -0.9890946 0.0699298
v -0.0533850 0.0335540 0.0100460
vn -0.6794253 -0.6947079 -0.2361405
v -0.0715240 0.0342060 0.0003640
vn -0.0254288 -0.9992050 -0.0307042
v -0.0613120 0.0333590 -0.0042120
vn 0.3515472 -0.9218459 -0.1631404
v -0.0326910 0.0337790 0.0079600
vn -0.4097390 -0.8933739 0.1843828
v 0.0010780 0.0344850 0.0169790
vn 0.0338605 -0.9993327 -0.0136979
v 0.0205990 0.0348220 0.0204360
vn -0.9404882 0.0054589 -0.3397825
v -0.0725460 0.0361460 0.0008730
vn 0.0679393 -0.9429541 0.3259172
v -0.0474680 0.0357020 0.0083400
vn -0.0518401 -0.9976594 0.0445901
v -0.0389970 0.0338050 0.0082300
vn 0.0334846 -0.9992567 0.0191010
v 0.0085420 0.0345740 0.0194580
vn 0.2454123 -0.9473928 0.2054742
v 0.0305240 0.0356520 0.0179330
vn 0.0453163 -0.9986100 0.0269161
v -0.0343370 0.0338420 0.0134770
vn 0.3357759 -0.7803236 0.5275886
v 0.0317760 0.0394050 0.0263060
vn 0.5502932 -0.8029729 0.2289368
v 0.0490070 0.0438890 0.0196450
vn -0.3112820 -0.9460742 0.0897063
v -0.0030890 0.0382410 0.0168260
vn 0.0544477 -0.9984214 0.0137926
v -0.0229880 0.0380140 0.0188360
vn -0.2454951 -0.9320933 0.2663348
v 0.0007520 0.0386010 0.0234680
vn -0.2780941 -0.9155269 0.2906444
v 0.0078010 0.0347900 0.0245620
vn -0.6513445 -0.7165189 0.2497018
v -0.0737740 0.0672810 0.0215670
vn 0.0062023 -0.9999240 -0.0106549
v -0.0544870 0.0335080 0.0184810
vn -0.0180314 -0.9972307 0.0721510
v -0.0332700 0.0337920 0.0210700
vn 0.5387496 -0.8392457 0.0735901
v -0.0295820 0.0344430 0.0173710
vn 0.3485447 -0.9370880 -0.0195635
v -0.0263210 0.0378040 0.0152180
vn 0.4978364 -0.7548391 0.4270562
v 0.0260890 0.0392850 0.0307900
vn 0.3928537 -0.8171067 0.4219037
v 0.0423740 0.0424160 0.0250620
vn -0.3000829 -0.9216309 0.2460626
v -0.0672100 0.0339460 0.0116700
vn -0.3620717 -0.9308881 0.0484917
v 0.0075710 0.0393790 0.0302600
vn 0.1889466 -0.5826637 0.7904443
v 0.0406460 0.0458610 0.0311290
vn -0.6376114 -0.6504703 0.4127228
v -0.0534190 0.0603340 0.0263710
vn -0.1090007 -0.9830166 -0.1476387
v -0.0372110 0.0356070 0.0240400
vn 0.0041614 -0.9924397 -0.1226625
v -0.0380450 0.0340990 0.0270780
vn 0.5288246 -0.8309247 0.1729418
v -0.0288010 0.0375090 0.0211600
vn -0.2055342 -0.9785956 0.0103174
v 0.0129650 0.0349370 0.0309990
vn -0.6157932 -0.7780197 0.1244351
v -0.0896360 0.1122640 0.0382880
vn -0.6124601 -0.7904754 0.0064383
v -0.0618750 0.0342830 0.0207930
vn -0.3104941 -0.8130835 -0.4924315
v 0.0090420 0.0378720 0.0333090
vn 0.2401341 -0.9558867 0.1691631
v 0.0216030 0.0353330 0.0260060
vn -0.3628122 -0.9262620 0.1020106
v -0.0811630 0.1096010 0.0363690
vn 0.5757070 -0.7893384 0.2133226
v -0.0311120 0.0348890 0.0235860
vn -0.1449599 -0.9465668 -0.2880938
v 0.0077400 0.0347450 0.0372420
vn -0.8506300 -0.3605768 0.3826396
v -0.0830780 0.0807130 0.0289310
vn -0.2939204 -0.9287115 -0.2260657
v -0.0629740 0.0607900 0.0009870
vn 0.0562319 -0.9943707 0.0898047
v -0.0423260 0.0337540 0.0272760
vn 0.0354788 -0.9976199 0.0591258
v -0.0189010 0.0385430 0.0300740
vn -0.5092661 -0.8397235 -0.1884477
v -0.0717740 0.1466770 -0.0232820
vn -0.1142157 -0.9532649 -0.2797157
v -0.0056790 0.0391940 0.0357250
vn 0.5876759 -0.6662154 0.4591233
v 0.0197190 0.0366870 0.0403380
vn -0.3800112 -0.9086891 -0.1728459
v -0.0722290 0.1479340 -0.0306560
vn -0.1375762 -0.9245269 -0.3554194
v -0.0052150 0.0348470 0.0410860
vn 0.0367426 -0.9973325 0.0630714
v 0.0099560 0.0345390 0.0399230
vn 0.2403492 -0.9520972 0.1890588
v 0.0161390 0.0349690 0.0401470
vn 0.1476101 -0.9650404 -0.2165831
v -0.0684030 0.1474400 -0.0292820
vn -0.0403761 -0.9983389 0.0410996
v -0.0583900 0.0341900 0.0276370
vn 0.2415735 -0.9699107 -0.0302589
v -0.0353650 0.0345710 0.0343940
vn 0.4849368 -0.8741972 0.0248087
v -0.0316320 0.0379470 0.0320150
vn -0.7360585 -0.3623771 0.5717525
v -0.0780080 0.1072050 0.0329590
vn 0.0611108 -0.9701008 0.2348827
v -0.0060130 0.0346240 0.0461540
vn -0.2990300 -0.9515794 0.0712584
v -0.0632680 0.0588240 0.0139030
vn -0.7787463 -0.5938030 -0.2023665
v -0.0662560 0.0352270 0.0290910
vn -0.0119722 -0.9971793 0.0740956
v -0.0514710 0.0344200 0.0280420
vn -0.0054795 -0.9953853 0.0958028
v -0.0438120 0.0345340 0.0310040
vn -0.0037914 -0.9810294 -0.1938221
v -0.0144310 0.0346400 0.0454220
vn 0.0462398 -0.9716102 0.2320247
v 0.0025730 0.0346370 0.0440140
vn 0.1934182 -0.5085939 0.8390004
v 0.0019730 0.0358580 0.0463040
vn 0.2672493 -0.7516471 0.6029962
v -0.0702620 0.1128960 0.0497890
vn -0.2495937 -0.5963879 0.7629052
v -0.0758060 0.1142070 0.0506420
vn -0.3076783 -0.9004536 0.3074367
v -0.0571570 0.0587020 0.0208540
vn -0.4663674 -0.8790256 0.0990734
v -0.0655350 0.0346450 0.0352490
vn -0.1283555 -0.9841418 0.1224325
v -0.0374980 0.0346550 0.0418370
vn 0.1202536 -0.9786018 -0.1669658
v -0.0297410 0.0347160 0.0423030
vn 0.2357379 -0.9370148 -0.2577420
v -0.0270660 0.0388880 0.0372100
vn -0.0509346 -0.9363922 -0.3472396
v -0.0138720 0.0394570 0.0394360
vn -0.2887573 -0.8351263 0.4681701
v -0.0803470 0.1107620 0.0445460
vn -0.6580951 -0.7265456 -0.1975917
v -0.0770790 0.0690980 0.0063370
vn -0.6782647 -0.7340428 -0.0337381
v -0.0754560 0.0667870 0.0106440
vn -0.9852583 -0.1679804 0.0323837
v -0.0672060 0.0362410 0.0333340
vn -0.2385634 -0.7398569 0.6290463
v -0.0394500 0.0353970 0.0428000
vn 0.2422594 -0.6314374 0.7366120
v -0.0138040 0.0357770 0.0507070
vn 0.2550840 -0.4509216 0.8553373
v -0.0062850 0.0361860 0.0489180
vn -0.2016628 -0.5976338 0.7759935
v -0.0512690 0.0682580 0.0373890
vn -0.3678271 -0.8474002 0.3829047
v -0.0656920 0.0626700 0.0240090
vn 0.0709284 -0.9532573 0.2937171
v -0.0205740 0.0348750 0.0512890
vn -0.0372175 -0.9362629 0.3493232
v -0.0767460 0.1097830 0.0436940
vn -0.4952694 -0.8666936 -0.0595858
v -0.0692950 0.0610430 0.0115180
vn -0.5774269 -0.6622238 0.4775331
v -0.0634340 0.0347790 0.0419350
vn -0.3039443 -0.3852432 0.8713240
v -0.0850060 0.1168120 0.0489650
vn 0.2984040 0.1882540 0.9356899
v -0.0100370 0.0422250 0.0497430
vn -0.4189828 -0.7671371 0.4857511
v -0.0685100 0.0676190 0.0309810
vn -0.6623287 -0.6699790 0.3353341
v -0.0766230 0.0711710 0.0266660
vn -0.2930253 -0.8502795 0.4372196
v -0.0763550 0.1081990 0.0369860
vn -0.7652186 -0.6268821 -0.1464907
v -0.0813010 0.0727400 0.0063770
vn 0.0477873 -0.9384720 0.3420331
v -0.0509560 0.0346330 0.0444180
vn -0.2907705 -0.7147304 0.6360919
v -0.0285220 0.0351650 0.0526520
vn 0.5952519 -0.7974771 0.0985164
v -0.0167740 0.1595360 -0.0094110
vn -0.6709068 -0.5668998 -0.4780258
v -0.0707930 0.1528100 -0.0475620
vn -0.0628319 -0.5004144 -0.8635032
v -0.0311760 0.1610190 -0.0142000
vn 0.4626440 -0.8412467 -0.2797581
v -0.0130490 0.1627750 -0.0157750
vn 0.0531707 -0.9615331 -0.2694939
v -0.0685030 0.1456290 -0.0234060
vn 0.0402218 -0.4744218 -0.8793783
v -0.0104040 0.1731370 -0.0283630
vn 0.6726952 -0.7056031 -0.2227226
v -0.0643820 0.1486150 -0.0270800
vn 0.4839645 -0.8366768 -0.2564182
v -0.0650590 0.1451720 -0.0165960
vn 0.6008636 -0.3789566 -0.7038145
v -0.0616670 0.1655260 -0.0604110
vn 0.0480534 -0.7672341 -0.6395645
v -0.0204590 0.1611210 -0.0141510
vn 0.1050342 -0.7434874 -0.6604501
v -0.0298660 0.1573690 -0.0113410
vn 0.6751825 -0.5916224 -0.4405811
v -0.0636180 0.1596900 -0.0556550
vn 0.7098947 -0.6460873 -0.2803938
v -0.0490630 0.1434760 0.0029490
vn -0.4236410 -0.8593666 -0.2863870
v -0.0717210 0.1440750 -0.0148490
vn 0.5049058 -0.7978925 -0.3292988
v -0.0666640 0.1528380 -0.0475980
vn 0.7366705 -0.4778009 -0.4785635
v -0.0635260 0.1432890 -0.0085650
vn 0.2956011 -0.8866669 -0.3555867
v -0.0409410 0.1488700 -0.0030170
vn 0.8296427 -0.5274670 -0.1829528
v -0.0648000 0.1543120 -0.0412870
vn 0.9202774 -0.3775541 -0.1026767
v -0.0626770 0.1504860 -0.0235760
vn 0.3326788 -0.9072002 -0.2575123
v -0.0684700 0.1496890 -0.0400310
vn 0.3396691 -0.9120952 -0.2295809
v -0.0277230 0.1551720 -0.0064450
vn -0.7106079 -0.6047792 -0.3595534
v -0.0720190 0.1507790 -0.0429020
vn -0.0851866 -0.6222200 -0.7781937
v -0.0440360 0.1507080 -0.0057090
# 1016 vertices, 0 vertices normals

f 124//124 692//692 49//49
f 705//705 692//692 124//124
f 364//364 83//83 411//411
f 448//448 8//8 443//443
f 497//497 468//468 71//71
f 686//686 362//362 67//67
f 49//49 98//98 119//119
f 504//504 576//576 543//543
f 414//414 419//419 406//406
f 672//672 869//869 638//638
f 426//426 403//403 360//360
f 585//585 586//586 591//591
f 426//426 98//98 49//49
f 1015//1015 995//995 1008//1008
f 902//902 724//724 712//712
f 390//390 102//102 130//130
f 113//113 82//82 373//373
f 119//119 12//12 99//99
f 358//358 393//393 427//427
f 401//401 409//409 321//321
f 119//119 99//99 383//383
f 404//404 421//421 411//411
f 422//422 372//372 235//235
f 422//422 420//420 372//372
f 60//60 366//366 219//219
f 362//362 361//361 371//371
f 543//543 355//355 561//561
f 57//57 92//92 482//482
f 819//819 831//831 807//807
f 458//458 526//526 17//17
f 5//5 451//451 482//482
f 145//145 88//88 451//451
f 586//586 595//595 591//591
f 415//415 2//2 460//460
f 105//105 124//124 82//82
f 991//991 801//801 574//574
f 411//411 369//369 632//632
f 5//5 145//145 451//451
f 1016//1016 996//996 1004//1004
f 417//417 483//483 361//361
f 806//806 825//825 571//571
f 362//362 370//370 367//367
f 323//323 270//270 352//352
f 786//786 64//64 725//725
f 428//428 124//124 105//105
f 129//129 280//280 92//92
f 92//92 280//280 482//482
f 482//482 280//280 5//5
f 203//203 409//409 208//208
f 678//678 660//660 677//677
f 21//21 280//280 129//129
f 5//5 211//211 145//145
f 21//21 259//259 280//280
f 335//335 1006//1006 301//301
f 355//355 602//602 575//575
f 354//354 611//611 216//216
f 105//105 82//82 689//689
f 402//402 119//119 383//383
f 337//337 1005//1005 318//318
f 402//402 124//124 119//119
f 480//480 193//193 139//139
f 143//143 148//148 121//121
f 818//818 830//830 821//821
f 705//705 124//124 428//428
f 193//193 253//253 139//139
f 18//18 27//27 41//41
f 15//15 10//10 18//18
f 1009//1009 1001//1001 347//347
f 421//421 364//364 411//411
f 689//689 82//82 431//431
f 75//75 90//90 72//72
f 46//46 50//50 39//39
f 187//187 18//18 10//10
f 34//34 27//27 18//18
f 339//339 349//349 563//563
f 692//692 426//426 49//49
f 135//135 480//480 498//498
f 140//140 193//193 480//480
f 143//143 231//231 157//157
f 101//101 116//116 95//95
f 987//987 15//15 14//14
f 54//54 62//62 72//72
f 39//39 41//41 27//27
f 91//91 101//101 75//75
f 209//209 50//50 46//46
f 211//211 254//254 388//388
f 356//356 343//343 270//270
f 43//43 596//596 151//151
f 114//114 498//498 106//106
f 140//140 480//480 135//135
f 30//30 46//46 34//34
f 98//98 360//360 390//390
f 502//502 100//100 106//106
f 114//114 135//135 498//498
f 39//39 50//50 56//56
f 726//726 289//289 743//743
f 268//268 269//269 116//116
f 28//28 928//928 189//189
f 122//122 143//143 134//134
f 148//148 160//160 197//197
f 368//368 389//389 365//365
f 76//76 100//100 502//502
f 522//522 452//452 530//530
f 390//390 130//130 80//80
f 107//107 106//106 100//100
f 30//30 34//34 187//187
f 107//107 114//114 106//106
f 14//14 15//15 18//18
f 98//98 390//390 12//12
f 76//76 84//84 100//100
f 84//84 107//107 100//100
f 95//95 116//116 110//110
f 68//68 55//55 99//99
f 143//143 159//159 148//148
f 146//146 140//140 135//135
f 158//158 193//193 140//140
f 281//281 249//249 193//193
f 116//116 121//121 413//413
f 391//391 404//404 411//411
f 800//800 996//996 1016//1016
f 779//779 803//803 716//716
f 526//526 443//443 17//17
f 360//360 102//102 390//390
f 748//748 786//786 725//725
f 114//114 118//118 135//135
f 118//118 146//146 135//135
f 91//91 75//75 62//62
f 160//160 87//87 55//55
f 75//75 101//101 95//95
f 84//84 104//104 107//107
f 146//146 158//158 140//140
f 158//158 281//281 193//193
f 269//269 134//134 121//121
f 122//122 123//123 143//143
f 753//753 322//322 313//313
f 474//474 604//604 576//576
f 437//437 727//727 993//993
f 89//89 84//84 76//76
f 89//89 104//104 84//84
f 104//104 118//118 107//107
f 107//107 118//118 114//114
f 56//56 62//62 54//54
f 138//138 197//197 156//156
f 329//329 328//328 784//784
f 340//340 311//311 519//519
f 76//76 85//85 89//89
f 56//56 50//50 62//62
f 52//52 261//261 47//47
f 367//367 393//393 358//358
f 137//137 146//146 118//118
f 158//158 161//161 281//281
f 209//209 77//77 62//62
f 62//62 77//77 91//91
f 750//750 345//345 1007//1007
f 998//998 952//952 1000//1000
f 28//28 196//196 195//195
f 104//104 112//112 118//118
f 112//112 137//137 118//118
f 137//137 131//131 146//146
f 146//146 131//131 158//158
f 928//928 28//28 195//195
f 60//60 219//219 40//40
f 17//17 22//22 458//458
f 428//428 105//105 689//689
f 86//86 104//104 89//89
f 161//161 16//16 281//281
f 422//422 235//235 237//237
f 422//422 237//237 462//462
f 67//67 367//367 324//324
f 22//22 470//470 458//458
f 86//86 89//89 85//85
f 125//125 137//137 112//112
f 845//845 637//637 664//664
f 52//52 183//183 261//261
f 157//157 183//183 52//52
f 122//122 240//240 123//123
f 1003//1003 786//786 549//549
f 176//176 22//22 17//17
f 86//86 85//85 73//73
f 137//137 125//125 131//131
f 155//155 158//158 131//131
f 995//995 751//751 1008//1008
f 116//116 269//269 121//121
f 82//82 124//124 402//402
f 155//155 161//161 158//158
f 102//102 16//16 161//161
f 143//143 157//157 163//163
f 268//268 101//101 247//247
f 73//73 74//74 86//86
f 112//112 104//104 86//86
f 125//125 155//155 131//131
f 102//102 278//278 16//16
f 163//163 157//157 52//52
f 23//23 44//44 470//470
f 74//74 78//78 86//86
f 301//301 235//235 372//372
f 176//176 9//9 22//22
f 74//74 470//470 44//44
f 363//363 11//11 31//31
f 23//23 22//22 9//9
f 23//23 29//29 44//44
f 78//78 112//112 86//86
f 125//125 153//153 155//155
f 155//155 153//153 161//161
f 50//50 209//209 62//62
f 163//163 52//52 159//159
f 250//250 11//11 363//363
f 462//462 250//250 363//363
f 402//402 383//383 373//373
f 44//44 63//63 74//74
f 78//78 108//108 112//112
f 651//651 837//837 335//335
f 74//74 93//93 78//78
f 108//108 109//109 112//112
f 112//112 109//109 125//125
f 109//109 126//126 125//125
f 147//147 153//153 125//125
f 23//23 24//24 29//29
f 108//108 78//78 93//93
f 126//126 147//147 125//125
f 153//153 42//42 161//161
f 161//161 42//42 102//102
f 290//290 289//289 286//286
f 250//250 31//31 11//11
f 53//53 63//63 44//44
f 63//63 93//93 74//74
f 130//130 102//102 42//42
f 53//53 44//44 29//29
f 93//93 109//109 108//108
f 141//141 42//42 153//153
f 187//187 34//34 18//18
f 1014//1014 1003//1003 994//994
f 332//332 1010//1010 1014//1014
f 285//285 298//298 296//296
f 70//70 63//63 53//53
f 70//70 488//488 63//63
f 63//63 488//488 93//93
f 488//488 109//109 93//93
f 488//488 463//463 109//109
f 109//109 463//463 126//126
f 141//141 153//153 147//147
f 163//163 159//159 143//143
f 152//152 177//177 419//419
f 38//38 53//53 29//29
f 315//315 270//270 174//174
f 48//48 70//70 53//53
f 126//126 127//127 147//147
f 130//130 42//42 141//141
f 197//197 138//138 148//148
f 156//156 55//55 68//68
f 586//586 585//585 574//574
f 48//48 53//53 38//38
f 70//70 65//65 488//488
f 127//127 136//136 147//147
f 147//147 136//136 141//141
f 31//31 177//177 152//152
f 536//536 295//295 608//608
f 62//62 75//75 72//72
f 134//134 143//143 121//121
f 463//463 127//127 126//126
f 80//80 130//130 141//141
f 517//517 525//525 508//508
f 525//525 515//515 508//508
f 110//110 116//116 413//413
f 358//358 324//324 367//367
f 48//48 65//65 70//70
f 34//34 39//39 27//27
f 310//310 347//347 1012//1012
f 124//124 49//49 119//119
f 127//127 120//120 136//136
f 136//136 154//154 141//141
f 247//247 101//101 91//91
f 167//167 13//13 437//437
f 192//192 559//559 685//685
f 145//145 388//388 88//88
f 154//154 162//162 141//141
f 162//162 80//80 141//141
f 254//254 37//37 388//388
f 321//321 661//661 326//326
f 323//323 192//192 229//229
f 913//913 928//928 195//195
f 46//46 39//39 34//34
f 991//991 585//585 573//573
f 415//415 460//460 394//394
f 136//136 132//132 154//154
f 13//13 26//26 25//25
f 26//26 471//471 25//25
f 52//52 47//47 87//87
f 167//167 19//19 13//13
f 19//19 26//26 13//13
f 604//604 596//596 380//380
f 568//568 543//543 561//561
f 407//407 47//47 261//261
f 81//81 80//80 162//162
f 47//47 383//383 87//87
f 208//208 60//60 40//40
f 368//368 388//388 37//37
f 132//132 142//142 154//154
f 142//142 162//162 154//154
f 81//81 12//12 80//80
f 449//449 132//132 382//382
f 325//325 339//339 563//563
f 689//689 431//431 399//399
f 4//4 162//162 142//142
f 321//321 317//317 661//661
f 792//792 806//806 571//571
f 77//77 247//247 91//91
f 167//167 14//14 19//19
f 79//79 94//94 96//96
f 97//97 491//491 96//96
f 4//4 81//81 162//162
f 1007//1007 1001//1001 750//750
f 10//10 169//169 182//182
f 40//40 219//219 51//51
f 26//26 19//19 33//33
f 66//66 94//94 79//79
f 115//115 491//491 97//97
f 115//115 490//490 491//491
f 40//40 51//51 196//196
f 33//33 36//36 476//476
f 61//61 66//66 79//79
f 94//94 97//97 96//96
f 156//156 4//4 142//142
f 563//563 349//349 343//343
f 40//40 196//196 28//28
f 101//101 268//268 116//116
f 19//19 20//20 33//33
f 1001//1001 1012//1012 347//347
f 797//797 1009//1009 660//660
f 298//298 297//297 296//296
f 168//168 10//10 15//15
f 14//14 20//20 19//19
f 20//20 36//36 33//33
f 270//270 229//229 174//174
f 157//157 252//252 183//183
f 90//90 97//97 94//94
f 1004//1004 1003//1003 1014//1014
f 82//82 113//113 431//431
f 61//61 54//54 66//66
f 110//110 115//115 97//97
f 68//68 4//4 156//156
f 68//68 81//81 4//4
f 68//68 99//99 81//81
f 99//99 12//12 81//81
f 39//39 56//56 41//41
f 20//20 41//41 36//36
f 45//45 54//54 61//61
f 66//66 90//90 94//94
f 90//90 110//110 97//97
f 749//749 312//312 297//297
f 36//36 41//41 45//45
f 382//382 138//138 449//449
f 197//197 160//160 55//55
f 54//54 72//72 66//66
f 66//66 72//72 90//90
f 115//115 413//413 382//382
f 110//110 413//413 115//115
f 197//197 55//55 156//156
f 14//14 18//18 20//20
f 18//18 41//41 20//20
f 45//45 56//56 54//54
f 95//95 110//110 90//90
f 56//56 45//45 41//41
f 90//90 75//75 95//95
f 243//243 205//205 276//276
f 269//269 122//122 134//134
f 177//177 250//250 220//220
f 595//595 216//216 591//591
f 203//203 198//198 178//178
f 51//51 202//202 196//196
f 203//203 208//208 198//198
f 897//897 923//923 884//884
f 80//80 12//12 390//390
f 977//977 9//9 171//171
f 843//843 842//842 825//825
f 232//232 257//257 244//244
f 306//306 788//788 747//747
f 40//40 28//28 189//189
f 349//349 352//352 270//270
f 328//328 325//325 319//319
f 280//280 211//211 5//5
f 182//182 187//187 10//10
f 239//239 247//247 238//238
f 236//236 179//179 199//199
f 1001//1001 1000//1000 1012//1012
f 217//217 238//238 77//77
f 259//259 267//267 280//280
f 280//280 267//267 211//211
f 1015//1015 1008//1008 1013//1013
f 256//256 268//268 247//247
f 259//259 277//277 267//267
f 788//788 828//828 747//747
f 219//219 223//223 51//51
f 223//223 241//241 51//51
f 234//234 282//282 265//265
f 218//218 201//201 259//259
f 201//201 277//277 259//259
f 267//267 254//254 211//211
f 226//226 239//239 238//238
f 17//17 8//8 176//176
f 952//952 1013//1013 1000//1000
f 307//307 274//274 252//252
f 231//231 282//282 307//307
f 253//253 249//249 965//965
f 201//201 218//218 249//249
f 199//199 179//179 251//251
f 241//241 222//222 202//202
f 265//265 282//282 264//264
f 193//193 249//249 253//253
f 277//277 210//210 267//267
f 297//297 317//317 308//308
f 862//862 860//860 866//866
f 191//191 188//188 207//207
f 172//172 182//182 169//169
f 738//738 304//304 299//299
f 210//210 254//254 267//267
f 792//792 556//556 772//772
f 111//111 236//236 997//997
f 1//1 243//243 276//276
f 311//311 357//357 336//336
f 231//231 143//143 123//123
f 201//201 271//271 277//277
f 271//271 262//262 277//277
f 828//828 499//499 747//747
f 257//257 233//233 265//265
f 249//249 281//281 201//201
f 210//210 117//117 254//254
f 254//254 117//117 37//37
f 356//356 270//270 315//315
f 224//224 103//103 255//255
f 317//317 316//316 308//308
f 262//262 210//210 277//277
f 199//199 251//251 186//186
f 227//227 232//232 244//244
f 281//281 271//271 201//201
f 167//167 987//987 14//14
f 176//176 8//8 170//170
f 736//736 176//176 170//170
f 250//250 237//237 184//184
f 273//273 230//230 248//248
f 245//245 246//246 210//210
f 246//246 117//117 210//210
f 262//262 245//245 210//210
f 1009//1009 69//69 660//660
f 682//682 306//306 690//690
f 230//230 273//273 255//255
f 209//209 217//217 77//77
f 947//947 937//937 292//292
f 504//504 543//543 357//357
f 271//271 200//200 262//262
f 208//208 409//409 214//214
f 226//226 244//244 239//239
f 200//200 245//245 262//262
f 246//246 180//180 117//117
f 35//35 37//37 117//117
f 180//180 35//35 117//117
f 176//176 736//736 171//171
f 21//21 965//965 218//218
f 190//190 204//204 206//206
f 994//994 186//186 1//1
f 175//175 195//195 188//188
f 996//996 1003//1003 1004//1004
f 179//179 273//273 248//248
f 751//751 608//608 1005//1005
f 9//9 176//176 171//171
f 213//213 222//222 225//225
f 448//448 170//170 8//8
f 15//15 987//987 168//168
f 263//263 279//279 240//240
f 271//271 258//258 200//200
f 255//255 103//103 230//230
f 207//207 225//225 204//204
f 279//279 231//231 123//123
f 16//16 271//271 281//281
f 16//16 258//258 271//271
f 327//327 180//180 246//246
f 245//245 327//327 246//246
f 244//244 257//257 263//263
f 221//221 103//103 419//419
f 238//238 247//247 77//77
f 187//187 182//182 194//194
f 179//179 248//248 251//251
f 222//222 233//233 225//225
f 248//248 220//220 185//185
f 223//223 234//234 241//241
f 188//188 172//172 292//292
f 16//16 278//278 258//258
f 187//187 194//194 30//30
f 265//265 264//264 257//257
f 279//279 282//282 231//231
f 274//274 165//165 183//183
f 750//750 1009//1009 797//797
f 227//227 225//225 232//232
f 166//166 169//169 10//10
f 159//159 160//160 148//148
f 718//718 713//713 726//726
f 195//195 207//207 188//188
f 179//179 300//300 273//273
f 876//876 284//284 713//713
f 166//166 172//172 169//169
f 225//225 227//227 204//204
f 659//659 684//684 547//547
f 251//251 260//260 243//243
f 333//333 327//327 397//397
f 244//244 263//263 240//240
f 251//251 248//248 260//260
f 240//240 256//256 239//239
f 579//579 364//364 421//421
f 200//200 258//258 397//397
f 270//270 323//323 229//229
f 1//1 1014//1014 994//994
f 243//243 1//1 186//186
f 256//256 122//122 269//269
f 672//672 723//723 737//737
f 160//160 52//52 87//87
f 296//296 297//297 308//308
f 230//230 221//221 177//177
f 223//223 356//356 234//234
f 260//260 248//248 185//185
f 51//51 241//241 202//202
f 974//974 569//569 560//560
f 207//207 204//204 191//191
f 186//186 251//251 243//243
f 178//178 198//198 189//189
f 244//244 240//240 239//239
f 239//239 256//256 247//247
f 46//46 215//215 209//209
f 690//690 769//769 682//682
f 613//613 2//2 385//385
f 236//236 111//111 179//179
f 343//343 349//349 270//270
f 10//10 168//168 964//964
f 190//190 206//206 194//194
f 1011//1011 1008//1008 337//337
f 231//231 252//252 157//157
f 233//233 257//257 232//232
f 335//335 301//301 128//128
f 795//795 287//287 305//305
f 178//178 303//303 203//203
f 749//749 298//298 731//731
f 1016//1016 1010//1010 1006//1006
f 301//301 342//342 128//128
f 269//269 268//268 256//256
f 40//40 198//198 208//208
f 225//225 233//233 232//232
f 302//302 235//235 301//301
f 202//202 222//222 213//213
f 257//257 264//264 279//279
f 302//302 266//266 235//235
f 266//266 184//184 237//237
f 235//235 266//266 237//237
f 978//978 987//987 167//167
f 230//230 177//177 220//220
f 753//753 313//313 738//738
f 194//194 206//206 215//215
f 215//215 206//206 217//217
f 243//243 260//260 205//205
f 384//384 224//224 255//255
f 241//241 265//265 233//233
f 234//234 144//144 282//282
f 196//196 202//202 195//195
f 300//300 212//212 273//273
f 260//260 185//185 205//205
f 206//206 226//226 217//217
f 276//276 205//205 332//332
f 222//222 241//241 233//233
f 924//924 175//175 292//292
f 354//354 429//429 611//611
f 653//653 684//684 659//659
f 274//274 183//183 252//252
f 215//215 217//217 209//209
f 217//217 226//226 238//238
f 1013//1013 1008//1008 1011//1011
f 339//339 352//352 349//349
f 198//198 40//40 189//189
f 356//356 315//315 351//351
f 207//207 213//213 225//225
f 273//273 212//212 255//255
f 128//128 681//681 335//335
f 264//264 282//282 279//279
f 220//220 250//250 184//184
f 255//255 212//212 384//384
f 307//307 272//272 274//274
f 159//159 52//52 160//160
f 353//353 323//323 352//352
f 257//257 279//279 263//263
f 191//191 190//190 182//182
f 183//183 418//418 261//261
f 265//265 241//241 234//234
f 205//205 184//184 266//266
f 172//172 188//188 182//182
f 204//204 227//227 206//206
f 227//227 244//244 226//226
f 248//248 230//230 220//220
f 185//185 184//184 205//205
f 184//184 185//185 220//220
f 31//31 250//250 177//177
f 168//168 987//987 979//979
f 301//301 1006//1006 302//302
f 332//332 266//266 302//302
f 332//332 205//205 266//266
f 227//227 226//226 206//206
f 188//188 191//191 182//182
f 462//462 237//237 250//250
f 290//290 299//299 289//289
f 175//175 188//188 292//292
f 282//282 144//144 307//307
f 182//182 190//190 194//194
f 183//183 165//165 418//418
f 385//385 381//381 613//613
f 231//231 307//307 252//252
f 202//202 207//207 195//195
f 317//317 321//321 316//316
f 202//202 213//213 207//207
f 240//240 279//279 123//123
f 21//21 129//129 965//965
f 30//30 194//194 215//215
f 749//749 297//297 298//298
f 191//191 204//204 190//190
f 430//430 570//570 152//152
f 359//359 310//310 1012//1012
f 359//359 283//283 310//310
f 346//346 340//340 609//609
f 341//341 448//448 985//985
f 529//529 513//513 760//760
f 212//212 300//300 287//287
f 612//612 474//474 576//576
f 604//604 474//474 596//596
f 838//838 597//597 643//643
f 505//505 442//442 508//508
f 305//305 300//300 133//133
f 71//71 468//468 346//346
f 939//939 954//954 931//931
f 792//792 798//798 556//556
f 330//330 358//358 283//283
f 310//310 283//283 32//32
f 67//67 324//324 318//318
f 757//757 322//322 753//753
f 803//803 779//779 766//766
f 228//228 941//941 592//592
f 923//923 932//932 922//922
f 870//870 897//897 884//884
f 359//359 337//337 283//283
f 337//337 330//330 283//283
f 602//602 604//604 380//380
f 467//467 535//535 523//523
f 764//764 773//773 792//792
f 320//320 328//328 319//319
f 364//364 380//380 596//596
f 663//663 655//655 700//700
f 543//543 602//602 355//355
f 650//650 788//788 306//306
f 635//635 664//664 646//646
f 242//242 340//340 519//519
f 357//357 543//543 568//568
f 374//374 346//346 468//468
f 708//708 707//707 855//855
f 359//359 1011//1011 337//337
f 802//802 329//329 784//784
f 738//738 313//313 309//309
f 535//535 475//475 472//472
f 199//199 997//997 236//236
f 300//300 179//179 111//111
f 304//304 738//738 309//309
f 625//625 384//384 379//379
f 111//111 133//133 300//300
f 293//293 299//299 290//290
f 338//338 242//242 519//519
f 609//609 242//242 429//429
f 592//592 595//595 586//586
f 303//303 308//308 316//316
f 309//309 752//752 743//743
f 357//357 568//568 336//336
f 304//304 309//309 743//743
f 324//324 358//358 330//330
f 838//838 353//353 350//350
f 644//644 567//567 667//667
f 1000//1000 359//359 1012//1012
f 289//289 304//304 743//743
f 855//855 707//707 854//854
f 559//559 668//668 654//654
f 309//309 320//320 752//752
f 496//496 966//966 129//129
f 720//720 293//293 291//291
f 310//310 150//150 347//347
f 525//525 465//465 515//515
f 339//339 353//353 352//352
f 932//932 955//955 939//939
f 325//325 328//328 350//350
f 310//310 32//32 150//150
f 32//32 283//283 6//6
f 319//319 563//563 671//671
f 337//337 324//324 330//330
f 706//706 854//854 707//707
f 329//329 838//838 350//350
f 631//631 682//682 769//769
f 841//841 58//58 590//590
f 347//347 150//150 69//69
f 329//329 350//350 328//328
f 534//534 539//539 530//530
f 286//286 289//289 284//284
f 1013//1013 1011//1011 359//359
f 295//295 67//67 318//318
f 517//517 523//523 525//525
f 752//752 319//319 671//671
f 319//319 325//325 563//563
f 429//429 378//378 611//611
f 242//242 609//609 340//340
f 322//322 320//320 313//313
f 350//350 353//353 339//339
f 353//353 643//643 344//344
f 483//483 371//371 361//361
f 662//662 679//679 695//695
f 289//289 726//726 284//284
f 353//353 344//344 323//323
f 275//275 545//545 387//387
f 602//602 380//380 575//575
f 465//465 535//535 472//472
f 199//199 186//186 994//994
f 554//554 275//275 494//494
f 322//322 328//328 320//320
f 291//291 293//293 290//290
f 166//166 947//947 172//172
f 256//256 240//240 122//122
f 806//806 843//843 825//825
f 730//730 659//659 528//528
f 706//706 709//709 291//291
f 208//208 214//214 60//60
f 272//272 307//307 144//144
f 1003//1003 549//549 997//997
f 325//325 350//350 339//339
f 313//313 320//320 309//309
f 733//733 299//299 293//293
f 351//351 144//144 234//234
f 1//1 276//276 332//332
f 733//733 738//738 299//299
f 128//128 342//342 333//333
f 1010//1010 1016//1016 1004//1004
f 342//342 180//180 327//327
f 337//337 318//318 324//324
f 320//320 319//319 752//752
f 299//299 304//304 289//289
f 356//356 351//351 234//234
f 344//344 192//192 323//323
f 342//342 327//327 333//333
f 180//180 372//372 420//420
f 312//312 317//317 297//297
f 342//342 301//301 372//372
f 192//192 685//685 229//229
f 795//795 633//633 287//287
f 292//292 172//172 947//947
f 316//316 409//409 203//203
f 315//315 144//144 351//351
f 174//174 272//272 144//144
f 180//180 342//342 372//372
f 318//318 1005//1005 1002//1002
f 315//315 174//174 144//144
f 296//296 308//308 303//303
f 229//229 629//629 398//398
f 914//914 296//296 303//303
f 303//303 316//316 203//203
f 316//316 321//321 409//409
f 964//964 168//168 979//979
f 369//369 83//83 365//365
f 150//150 32//32 391//391
f 391//391 411//411 632//632
f 366//366 214//214 409//409
f 25//25 436//436 437//437
f 321//321 326//326 401//401
f 401//401 366//366 409//409
f 467//467 470//470 479//479
f 395//395 401//401 326//326
f 408//408 43//43 151//151
f 394//394 404//404 391//391
f 401//401 219//219 366//366
f 396//396 401//401 395//395
f 396//396 219//219 401//401
f 423//423 128//128 397//397
f 223//223 219//219 396//396
f 119//119 98//98 12//12
f 364//364 596//596 83//83
f 356//356 223//223 396//396
f 492//492 389//389 422//422
f 83//83 596//596 43//43
f 618//618 612//612 554//554
f 150//150 391//391 639//639
f 395//395 636//636 396//396
f 343//343 356//356 396//396
f 405//405 681//681 128//128
f 200//200 397//397 245//245
f 387//387 545//545 334//334
f 229//229 398//398 174//174
f 370//370 393//393 367//367
f 7//7 403//403 426//426
f 519//519 311//311 336//336
f 710//710 495//495 809//809
f 327//327 245//245 397//397
f 688//688 7//7 331//331
f 368//368 408//408 388//388
f 385//385 415//415 393//393
f 403//403 423//423 416//416
f 410//410 403//403 416//416
f 346//346 609//609 71//71
f 150//150 639//639 69//69
f 362//362 367//367 67//67
f 128//128 333//333 397//397
f 686//686 361//361 362//362
f 545//545 504//504 311//311
f 410//410 416//416 386//386
f 1001//1001 998//998 1000//1000
f 99//99 55//55 383//383
f 7//7 426//426 331//331
f 420//420 368//368 35//35
f 393//393 415//415 427//427
f 360//360 403//403 410//410
f 595//595 459//459 216//216
f 347//347 69//69 1009//1009
f 611//611 378//378 610//610
f 411//411 83//83 369//369
f 593//593 596//596 474//474
f 287//287 633//633 379//379
f 837//837 1006//1006 335//335
f 899//899 887//887 296//296
f 174//174 149//149 272//272
f 405//405 423//423 688//688
f 152//152 363//363 31//31
f 46//46 30//30 215//215
f 410//410 386//386 102//102
f 103//103 224//224 406//406
f 750//750 1001//1001 1009//1009
f 83//83 43//43 365//365
f 394//394 460//460 404//404
f 369//369 365//365 389//389
f 575//575 380//380 364//364
f 165//165 272//272 149//149
f 165//165 274//274 272//272
f 416//416 397//397 258//258
f 405//405 128//128 423//423
f 422//422 389//389 420//420
f 492//492 632//632 389//389
f 385//385 393//393 370//370
f 416//416 258//258 386//386
f 258//258 278//278 386//386
f 443//443 523//523 516//516
f 406//406 419//419 103//103
f 632//632 369//369 389//389
f 423//423 397//397 416//416
f 23//23 470//470 22//22
f 371//371 385//385 370//370
f 508//508 515//515 441//441
f 398//398 424//424 149//149
f 149//149 424//424 165//165
f 151//151 88//88 388//388
f 694//694 398//398 629//629
f 415//415 6//6 427//427
f 423//423 403//403 7//7
f 415//415 394//394 6//6
f 424//424 113//113 165//165
f 542//542 534//534 472//472
f 368//368 365//365 408//408
f 594//594 398//398 694//694
f 398//398 594//594 424//424
f 660//660 678//678 797//797
f 6//6 391//391 32//32
f 423//423 7//7 688//688
f 426//426 692//692 331//331
f 420//420 389//389 368//368
f 379//379 384//384 212//212
f 405//405 670//670 681//681
f 501//501 488//488 65//65
f 218//218 259//259 21//21
f 368//368 37//37 35//35
f 283//283 358//358 427//427
f 594//594 425//425 424//424
f 113//113 418//418 165//165
f 55//55 87//87 383//383
f 584//584 585//585 591//591
f 1003//1003 997//997 994//994
f 121//121 148//148 413//413
f 573//573 585//585 584//584
f 594//594 702//702 425//425
f 418//418 407//407 261//261
f 408//408 151//151 388//388
f 424//424 425//425 113//113
f 113//113 407//407 418//418
f 426//426 360//360 98//98
f 148//148 138//138 413//413
f 1008//1008 751//751 1005//1005
f 6//6 394//394 391//391
f 702//702 399//399 425//425
f 221//221 230//230 103//103
f 523//523 526//526 467//467
f 542//542 539//539 534//534
f 419//419 177//177 221//221
f 373//373 47//47 407//407
f 601//601 216//216 611//611
f 373//373 407//407 113//113
f 138//138 382//382 413//413
f 406//406 392//392 414//414
f 443//443 516//516 976//976
f 355//355 575//575 579//579
f 355//355 579//579 376//376
f 519//519 336//336 512//512
f 399//399 431//431 425//425
f 419//419 430//430 152//152
f 283//283 427//427 6//6
f 379//379 212//212 287//287
f 431//431 113//113 425//425
f 386//386 278//278 102//102
f 385//385 2//2 415//415
f 360//360 410//410 102//102
f 512//512 336//336 568//568
f 82//82 402//402 373//373
f 373//373 383//383 47//47
f 371//371 381//381 385//385
f 447//447 498//498 480//480
f 365//365 43//43 408//408
f 574//574 585//585 991//991
f 362//362 371//371 370//370
f 462//462 492//492 422//422
f 591//591 216//216 601//601
f 142//142 449//449 156//156
f 471//471 481//481 48//48
f 448//448 443//443 435//435
f 48//48 481//481 65//65
f 800//800 64//64 786//786
f 92//92 57//57 129//129
f 787//787 633//633 795//795
f 794//794 807//807 799//799
f 732//732 848//848 710//710
f 461//461 471//471 38//38
f 2//2 532//532 3//3
f 764//764 792//792 772//772
f 3//3 460//460 2//2
f 438//438 437//437 993//993
f 553//553 430//430 64//64
f 96//96 491//491 469//469
f 501//501 500//500 469//469
f 570//570 454//454 152//152
f 453//453 461//461 24//24
f 476//476 500//500 481//481
f 491//491 457//457 463//463
f 997//997 199//199 994//994
f 341//341 170//170 448//448
f 469//469 491//491 463//463
f 8//8 17//17 443//443
f 437//437 13//13 25//25
f 479//479 470//470 485//485
f 535//535 929//929 475//475
f 453//453 444//444 436//436
f 363//363 152//152 454//454
f 45//45 61//61 36//36
f 178//178 914//914 303//303
f 863//863 859//859 855//855
f 444//444 453//453 9//9
f 151//151 596//596 593//593
f 471//471 26//26 476//476
f 620//620 404//404 548//548
f 922//922 939//939 921//921
f 488//488 469//469 463//463
f 457//457 132//132 120//120
f 800//800 466//466 64//64
f 79//79 469//469 500//500
f 937//937 924//924 292//292
f 485//485 470//470 74//74
f 25//25 461//461 453//453
f 115//115 382//382 490//490
f 106//106 498//498 502//502
f 451//451 88//88 456//456
f 945//945 952//952 998//998
f 496//496 129//129 57//57
f 501//501 469//469 488//488
f 837//837 1016//1016 1006//1006
f 471//471 48//48 38//38
f 986//986 57//57 486//486
f 189//189 928//928 178//178
f 490//490 132//132 457//457
f 494//494 482//482 451//451
f 482//482 494//494 486//486
f 65//65 481//481 501//501
f 61//61 500//500 476//476
f 438//438 167//167 437//437
f 710//710 833//833 732//732
f 496//496 57//57 986//986
f 797//797 716//716 750//750
f 96//96 469//469 79//79
f 453//453 24//24 9//9
f 473//473 486//486 494//494
f 482//482 486//486 57//57
f 467//467 458//458 470//470
f 494//494 451//451 456//456
f 502//502 498//498 464//464
f 445//445 446//446 907//907
f 60//60 214//214 366//366
f 381//381 371//371 483//483
f 665//665 764//764 760//760
f 61//61 476//476 36//36
f 432//432 445//445 907//907
f 461//461 25//25 471//471
f 941//941 455//455 464//464
f 716//716 561//561 621//621
f 443//443 976//976 435//435
f 444//444 9//9 977//977
f 986//986 486//486 473//473
f 436//436 25//25 453//453
f 929//929 967//967 475//475
f 462//462 363//363 454//454
f 79//79 500//500 61//61
f 447//447 480//480 139//139
f 522//522 446//446 445//445
f 514//514 907//907 446//446
f 848//848 732//732 826//826
f 442//442 434//434 959//959
f 498//498 447//447 464//464
f 764//764 772//772 760//760
f 848//848 761//761 710//710
f 976//976 442//442 959//959
f 800//800 786//786 996//996
f 773//773 806//806 792//792
f 445//445 450//450 522//522
f 517//517 976//976 516//516
f 1010//1010 332//332 302//302
f 457//457 127//127 463//463
f 465//465 452//452 515//515
f 490//490 382//382 132//132
f 459//459 487//487 497//497
f 24//24 461//461 38//38
f 976//976 517//517 442//442
f 999//999 305//305 133//133
f 986//986 473//473 484//484
f 1010//1010 1004//1004 1014//1014
f 404//404 620//620 421//421
f 433//433 450//450 445//445
f 850//850 841//841 842//842
f 843//843 850//850 842//842
f 487//487 468//468 497//497
f 593//593 474//474 618//618
f 467//467 479//479 535//535
f 171//171 736//736 992//992
f 592//592 478//478 459//459
f 478//478 487//487 459//459
f 956//956 468//468 487//487
f 447//447 139//139 956//956
f 941//941 478//478 592//592
f 963//963 957//957 949//949
f 491//491 490//490 457//457
f 288//288 828//828 788//788
f 730//730 653//653 659//659
f 859//859 863//863 881//881
f 435//435 985//985 448//448
f 481//481 500//500 501//501
f 535//535 479//479 929//929
f 433//433 440//440 450//450
f 58//58 288//288 788//788
f 502//502 464//464 455//455
f 534//534 465//465 472//472
f 487//487 447//447 956//956
f 433//433 926//926 440//440
f 522//522 450//450 452//452
f 716//716 531//531 587//587
f 457//457 120//120 127//127
f 653//653 715//715 851//851
f 941//941 464//464 478//478
f 23//23 9//9 24//24
f 136//136 120//120 132//132
f 492//492 454//454 558//558
f 440//440 441//441 450//450
f 913//913 175//175 924//924
f 29//29 24//24 38//38
f 151//151 593//593 88//88
f 581//581 620//620 548//548
f 657//657 741//741 777//777
f 341//341 736//736 170//170
f 462//462 454//454 492//492
f 441//441 515//515 450//450
f 460//460 548//548 404//404
f 471//471 476//476 481//481
f 450//450 515//515 452//452
f 464//464 447//447 478//478
f 447//447 487//487 478//478
f 456//456 88//88 593//593
f 476//476 26//26 33//33
f 452//452 465//465 534//534
f 616//616 826//826 831//831
f 841//841 288//288 58//58
f 608//608 295//295 1002//1002
f 663//663 675//675 655//655
f 67//67 295//295 536//536
f 663//663 693//693 674//674
f 675//675 663//663 674//674
f 803//803 561//561 716//716
f 536//536 608//608 509//509
f 623//623 648//648 644//644
f 417//417 361//361 536//536
f 509//509 417//417 536//536
f 614//614 608//608 550//550
f 614//614 509//509 608//608
f 614//614 506//506 509//509
f 509//509 506//506 417//417
f 506//506 527//527 417//417
f 417//417 527//527 483//483
f 527//527 510//510 483//483
f 995//995 614//614 550//550
f 518//518 527//527 506//506
f 518//518 510//510 527//527
f 1015//1015 614//614 995//995
f 544//544 613//613 381//381
f 510//510 544//544 381//381
f 518//518 544//544 510//510
f 2//2 613//613 532//532
f 517//517 508//508 442//442
f 545//545 275//275 554//554
f 577//577 506//506 614//614
f 668//668 597//597 580//580
f 428//428 701//701 700//700
f 577//577 518//518 506//506
f 636//636 343//343 396//396
f 1015//1015 577//577 614//614
f 700//700 655//655 649//649
f 543//543 576//576 602//602
f 577//577 578//578 518//518
f 477//477 577//577 1015//1015
f 518//518 578//578 544//544
f 589//589 615//615 791//791
f 589//589 598//598 615//615
f 791//791 768//768 565//565
f 615//615 58//58 691//691
f 58//58 788//788 650//650
f 544//544 532//532 613//613
f 631//631 164//164 676//676
f 791//791 565//565 589//589
f 578//578 607//607 544//544
f 607//607 532//532 544//544
f 598//598 590//590 615//615
f 551//551 562//562 565//565
f 565//565 582//582 589//589
f 589//589 582//582 598//598
f 406//406 224//224 392//392
f 590//590 58//58 615//615
f 224//224 384//384 392//392
f 354//354 459//459 497//497
f 701//701 645//645 663//663
f 607//607 3//3 532//532
f 562//562 798//798 565//565
f 582//582 590//590 598//598
f 142//142 132//132 449//449
f 648//648 637//637 644//644
f 507//507 511//511 547//547
f 644//644 637//637 567//567
f 565//565 798//798 582//582
f 507//507 666//666 511//511
f 997//997 133//133 111//111
f 551//551 552//552 562//562
f 552//552 798//798 562//562
f 577//577 603//603 578//578
f 603//603 607//607 578//578
f 513//513 666//666 507//507
f 528//528 537//537 551//551
f 551//551 537//537 552//552
f 825//825 842//842 590//590
f 582//582 825//825 590//590
f 705//705 700//700 704//704
f 588//588 603//603 477//477
f 603//603 577//577 477//477
f 529//529 537//537 528//528
f 571//571 825//825 798//798
f 798//798 825//825 582//582
f 504//504 554//554 576//576
f 554//554 612//612 576//576
f 519//519 512//512 766//766
f 354//354 71//71 429//429
f 520//520 513//513 507//507
f 537//537 540//540 552//552
f 549//549 133//133 997//997
f 523//523 535//535 525//525
f 603//603 606//606 607//607
f 606//606 3//3 607//607
f 520//520 507//507 869//869
f 552//552 540//540 798//798
f 533//533 529//529 760//760
f 786//786 1003//1003 996//996
f 533//533 537//537 529//529
f 612//612 618//618 474//474
f 414//414 392//392 59//59
f 922//922 921//921 912//912
f 540//540 556//556 798//798
f 701//701 624//624 645//645
f 658//658 840//840 697//697
f 945//945 400//400 588//588
f 588//588 400//400 603//603
f 606//606 548//548 3//3
f 537//537 533//533 540//540
f 540//540 772//772 556//556
f 525//525 535//535 465//465
f 548//548 460//460 3//3
f 414//414 59//59 725//725
f 719//719 855//855 853//853
f 869//869 672//672 520//520
f 334//334 545//545 311//311
f 665//665 513//513 520//520
f 533//533 772//772 540//540
f 760//760 772//772 533//533
f 855//855 859//859 853//853
f 664//664 654//654 845//845
f 377//377 603//603 400//400
f 603//603 377//377 606//606
f 593//593 618//618 456//456
f 599//599 617//617 616//616
f 71//71 609//609 429//429
f 1007//1007 619//619 400//400
f 619//619 377//377 400//400
f 377//377 581//581 606//606
f 581//581 548//548 606//606
f 387//387 473//473 275//275
f 604//604 602//602 576//576
f 592//592 459//459 595//595
f 1007//1007 345//345 619//619
f 579//579 575//575 364//364
f 616//616 848//848 826//826
f 64//64 430//430 725//725
f 430//430 414//414 725//725
f 354//354 497//497 71//71
f 522//522 514//514 446//446
f 430//430 419//419 414//414
f 357//357 311//311 504//504
f 334//334 311//311 340//340
f 452//452 534//534 530//530
f 314//314 836//836 617//617
f 473//473 494//494 275//275
f 216//216 459//459 354//354
f 623//623 644//644 656//656
f 674//674 769//769 675//675
f 834//834 835//835 599//599
f 599//599 835//835 617//617
f 679//679 747//747 652//652
f 737//737 665//665 520//520
f 171//171 992//992 977//977
f 398//398 149//149 174//174
f 345//345 587//587 619//619
f 10//10 964//964 166//166
f 777//777 538//538 799//799
f 799//799 538//538 778//778
f 680//680 654//654 664//664
f 572//572 835//835 832//832
f 314//314 617//617 605//605
f 644//644 849//849 656//656
f 516//516 523//523 517//517
f 570//570 553//553 466//466
f 570//570 430//430 553//553
f 656//656 697//697 676//676
f 835//835 605//605 617//617
f 619//619 620//620 581//581
f 377//377 619//619 581//581
f 521//521 741//741 657//657
f 777//777 741//741 538//538
f 378//378 314//314 605//605
f 572//572 573//573 835//835
f 835//835 600//600 605//605
f 331//331 704//704 555//555
f 587//587 620//620 619//619
f 514//514 521//521 628//628
f 741//741 539//539 538//538
f 783//783 560//560 808//808
f 573//573 584//584 835//835
f 584//584 600//600 835//835
f 412//412 489//489 294//294
f 64//64 466//466 553//553
f 650//650 682//682 691//691
f 669//669 567//567 637//637
f 376//376 587//587 531//531
f 466//466 524//524 570//570
f 514//514 628//628 724//724
f 530//530 741//741 521//521
f 808//808 569//569 572//572
f 610//610 378//378 605//605
f 181//181 314//314 378//378
f 682//682 676//676 691//691
f 376//376 620//620 587//587
f 524//524 454//454 570//570
f 530//530 539//539 741//741
f 538//538 539//539 778//778
f 560//560 569//569 808//808
f 569//569 573//573 572//572
f 600//600 610//610 605//605
f 376//376 531//531 621//621
f 554//554 456//456 618//618
f 600//600 601//601 610//610
f 181//181 294//294 314//314
f 512//512 561//561 803//803
f 355//355 376//376 621//621
f 844//844 558//558 524//524
f 584//584 601//601 600//600
f 601//601 611//611 610//610
f 568//568 561//561 512//512
f 579//579 620//620 376//376
f 421//421 620//620 579//579
f 381//381 483//483 510//510
f 242//242 294//294 181//181
f 242//242 338//338 412//412
f 294//294 242//242 412//412
f 338//338 519//519 766//766
f 561//561 355//355 621//621
f 792//792 571//571 798//798
f 454//454 524//524 558//558
f 522//522 530//530 514//514
f 378//378 429//429 181//181
f 429//429 242//242 181//181
f 512//512 803//803 766//766
f 504//504 545//545 554//554
f 584//584 591//591 601//601
f 708//708 855//855 719//719
f 872//872 886//886 889//889
f 663//663 645//645 622//622
f 878//878 723//723 638//638
f 645//645 647//647 622//622
f 836//836 761//761 617//617
f 1007//1007 998//998 1001//1001
f 59//59 392//392 625//625
f 653//653 851//851 684//684
f 563//563 683//683 671//671
f 331//331 699//699 688//688
f 644//644 667//667 846//846
f 694//694 642//642 702//702
f 703//703 626//626 312//312
f 192//192 668//668 559//559
f 680//680 559//559 654//654
f 647//647 583//583 622//622
f 931//931 961//961 943//943
f 694//694 629//629 685//685
f 668//668 643//643 597//597
f 622//622 693//693 663//663
f 536//536 686//686 67//67
f 624//624 642//642 647//647
f 526//526 458//458 467//467
f 765//765 671//671 703//703
f 395//395 661//661 636//636
f 399//399 702//702 624//624
f 594//594 694//694 702//702
f 654//654 668//668 580//580
f 691//691 676//676 697//697
f 690//690 306//306 747//747
f 530//530 521//521 514//514
f 343//343 683//683 563//563
f 391//391 632//632 639//639
f 647//647 642//642 635//635
f 529//529 528//528 666//666
f 290//290 864//864 291//291
f 703//703 671//671 683//683
f 626//626 317//317 312//312
f 597//597 839//839 580//580
f 331//331 692//692 704//704
f 597//597 816//816 839//839
f 954//954 969//969 961//961
f 954//954 961//961 931//931
f 661//661 317//317 626//626
f 701//701 689//689 624//624
f 705//705 704//704 692//692
f 642//642 624//624 702//702
f 343//343 636//636 683//683
f 730//730 715//715 653//653
f 69//69 640//640 660//660
f 635//635 680//680 664//664
f 164//164 656//656 676//676
f 699//699 555//555 695//695
f 558//558 632//632 492//492
f 466//466 844//844 524//524
f 922//922 912//912 904//904
f 632//632 558//558 639//639
f 640//640 69//69 639//639
f 668//668 344//344 643//643
f 636//636 661//661 626//626
f 634//634 639//639 558//558
f 634//634 640//640 639//639
f 849//849 697//697 656//656
f 650//650 691//691 58//58
f 844//844 634//634 558//558
f 420//420 35//35 180//180
f 697//697 840//840 691//691
f 1006//1006 1010//1010 302//302
f 838//838 643//643 353//353
f 511//511 666//666 659//659
f 546//546 674//674 693//693
f 769//769 164//164 631//631
f 675//675 662//662 655//655
f 726//726 713//713 284//284
f 704//704 700//700 649//649
f 666//666 528//528 659//659
f 608//608 1002//1002 1005//1005
f 760//760 513//513 665//665
f 881//881 870//870 865//865
f 859//859 881//881 865//865
f 675//675 769//769 662//662
f 662//662 690//690 679//679
f 332//332 1014//1014 1//1
f 654//654 580//580 845//845
f 634//634 651//651 640//640
f 757//757 784//784 322//322
f 677//677 335//335 678//678
f 646//646 664//664 648//648
f 698//698 796//796 696//696
f 322//322 784//784 328//328
f 335//335 687//687 678//678
f 630//630 698//698 696//696
f 192//192 344//344 668//668
f 694//694 680//680 642//642
f 335//335 681//681 687//687
f 747//747 679//679 690//690
f 681//681 630//630 687//687
f 769//769 690//690 662//662
f 555//555 704//704 695//695
f 704//704 649//649 695//695
f 681//681 670//670 630//630
f 630//630 566//566 698//698
f 673//673 627//627 698//698
f 694//694 685//685 680//680
f 649//649 655//655 695//695
f 164//164 623//623 656//656
f 564//564 673//673 698//698
f 682//682 650//650 306//306
f 597//597 329//329 816//816
f 670//670 566//566 630//630
f 375//375 698//698 566//566
f 375//375 564//564 698//698
f 331//331 555//555 699//699
f 655//655 662//662 695//695
f 587//587 345//345 750//750
f 670//670 405//405 566//566
f 636//636 626//626 683//683
f 513//513 529//529 666//666
f 680//680 685//685 559//559
f 428//428 689//689 701//701
f 399//399 624//624 689//689
f 688//688 566//566 405//405
f 845//845 669//669 637//637
f 624//624 647//647 645//645
f 652//652 673//673 564//564
f 395//395 326//326 661//661
f 521//521 657//657 628//628
f 566//566 688//688 375//375
f 652//652 499//499 673//673
f 695//695 679//679 652//652
f 723//723 628//628 657//657
f 700//700 701//701 663//663
f 699//699 564//564 375//375
f 699//699 652//652 564//564
f 703//703 683//683 626//626
f 642//642 680//680 635//635
f 699//699 695//695 652//652
f 392//392 384//384 625//625
f 845//845 580//580 839//839
f 699//699 375//375 688//688
f 682//682 631//631 676//676
f 845//845 839//839 669//669
f 428//428 700//700 705//705
f 1008//1008 1005//1005 337//337
f 836//836 314//314 489//489
f 717//717 711//711 628//628
f 826//826 847//847 830//830
f 710//710 836//836 495//495
f 796//796 495//495 641//641
f 834//834 599//599 616//616
f 761//761 836//836 710//710
f 921//921 931//931 930//930
f 749//749 765//765 312//312
f 945//945 588//588 477//477
f 799//799 822//822 793//793
f 439//439 732//732 774//774
f 285//285 731//731 298//298
f 731//731 742//742 749//749
f 749//749 742//742 765//765
f 285//285 718//718 731//731
f 847//847 732//732 439//439
f 851//851 715//715 852//852
f 439//439 173//173 493//493
f 852//852 557//557 853//853
f 557//557 852//852 715//715
f 590//590 842//842 841//841
f 742//742 752//752 765//765
f 752//752 671//671 765//765
f 712//712 724//724 711//711
f 412//412 812//812 489//489
f 766//766 779//779 812//812
f 812//812 775//775 641//641
f 711//711 724//724 628//628
f 812//812 641//641 495//495
f 718//718 742//742 731//731
f 715//715 730//730 722//722
f 774//774 833//833 627//627
f 696//696 678//678 630//630
f 834//834 616//616 831//831
f 843//843 493//493 850//850
f 847//847 439//439 493//493
f 583//583 693//693 622//622
f 779//779 716//716 797//797
f 821//821 843//843 806//806
f 718//718 743//743 742//742
f 743//743 752//752 742//742
f 807//807 818//818 822//822
f 756//756 764//764 665//665
f 640//640 651//651 660//660
f 970//970 993//993 727//727
f 294//294 489//489 314//314
f 718//718 726//726 743//743
f 677//677 660//660 651//651
f 931//931 943//943 930//930
f 832//832 835//835 834//834
f 783//783 794//794 778//778
f 664//664 637//637 648//648
f 793//793 822//822 811//811
f 778//778 794//794 799//799
f 912//912 921//921 930//930
f 832//832 834//834 831//831
f 554//554 494//494 456//456
f 335//335 677//677 651//651
f 737//737 657//657 665//665
f 833//833 809//809 796//796
f 878//878 717//717 723//723
f 329//329 802//802 816//816
f 821//821 830//830 843//843
f 999//999 133//133 549//549
f 449//449 138//138 156//156
f 572//572 832//832 808//808
f 714//714 707//707 708//708
f 493//493 173//173 288//288
f 499//499 173//173 673//673
f 827//827 800//800 1016//1016
f 546//546 646//646 648//648
f 934//934 387//387 334//334
f 832//832 819//819 808//808
f 738//738 733//733 753//753
f 784//784 776//776 802//802
f 756//756 793//793 773//773
f 229//229 685//685 629//629
f 827//827 466//466 800//800
f 489//489 812//812 495//495
f 828//828 173//173 499//499
f 775//775 779//779 797//797
f 776//776 785//785 802//802
f 816//816 669//669 839//839
f 811//811 821//821 806//806
f 753//753 744//744 757//757
f 744//744 776//776 757//757
f 733//733 744//744 753//753
f 813//813 802//802 785//785
f 813//813 816//816 802//802
f 816//816 813//813 669//669
f 329//329 597//597 838//838
f 939//939 931//931 921//921
f 775//775 797//797 678//678
f 293//293 728//728 733//733
f 733//733 728//728 744//744
f 813//813 820//820 669//669
f 765//765 703//703 312//312
f 822//822 821//821 811//811
f 672//672 638//638 723//723
f 293//293 720//720 728//728
f 767//767 776//776 744//744
f 696//696 796//796 641//641
f 773//773 811//811 806//806
f 300//300 305//305 287//287
f 776//776 767//767 785//785
f 785//785 810//810 813//813
f 499//499 652//652 747//747
f 827//827 1016//1016 837//837
f 667//667 669//669 820//820
f 669//669 667//667 567//567
f 592//592 586//586 228//228
f 728//728 754//754 744//744
f 767//767 781//781 785//785
f 781//781 780//780 785//785
f 780//780 810//810 785//785
f 514//514 724//724 907//907
f 777//777 756//756 657//657
f 826//826 830//830 818//818
f 412//412 766//766 812//812
f 754//754 767//767 744//744
f 810//810 814//814 813//813
f 813//813 814//814 820//820
f 793//793 811//811 773//773
f 969//969 977//977 961//961
f 583//583 647//647 646//646
f 546//546 583//583 646//646
f 728//728 734//734 754//754
f 977//977 992//992 961//961
f 493//493 288//288 850//850
f 720//720 734//734 728//728
f 734//734 755//755 754//754
f 781//781 810//810 780//780
f 846//846 820//820 814//814
f 827//827 844//844 466//466
f 291//291 709//709 720//720
f 709//709 721//721 720//720
f 720//720 721//721 734//734
f 767//767 754//754 755//755
f 777//777 793//793 756//756
f 734//734 739//739 755//755
f 789//789 814//814 810//810
f 846//846 667//667 820//820
f 716//716 587//587 750//750
f 623//623 546//546 648//648
f 693//693 583//583 546//546
f 847//847 826//826 732//732
f 755//755 758//758 767//767
f 767//767 758//758 781//781
f 758//758 770//770 781//781
f 779//779 775//775 812//812
f 706//706 707//707 709//709
f 789//789 810//810 781//781
f 770//770 789//789 781//781
f 815//815 846//846 814//814
f 849//849 644//644 846//846
f 737//737 520//520 672//672
f 698//698 627//627 796//796
f 338//338 766//766 412//412
f 739//739 762//762 755//755
f 755//755 762//762 758//758
f 818//818 821//821 822//822
f 737//737 723//723 657//657
f 815//815 829//829 846//846
f 734//734 721//721 739//739
f 739//739 740//740 762//762
f 762//762 770//770 758//758
f 829//829 849//849 846//846
f 775//775 678//678 696//696
f 789//789 815//815 814//814
f 808//808 794//794 783//783
f 808//808 819//819 794//794
f 831//831 826//826 818//818
f 634//634 837//837 651//651
f 714//714 721//721 709//709
f 770//770 790//790 789//789
f 634//634 844//844 827//827
f 721//721 735//735 739//739
f 735//735 740//740 739//739
f 789//789 790//790 815//815
f 164//164 674//674 546//546
f 709//709 707//707 714//714
f 657//657 756//756 665//665
f 815//815 790//790 804//804
f 804//804 658//658 815//815
f 815//815 658//658 829//829
f 658//658 849//849 829//829
f 762//762 771//771 770//770
f 771//771 790//790 770//770
f 286//286 875//875 864//864
f 634//634 827//827 837//837
f 740//740 763//763 762//762
f 658//658 697//697 849//849
f 164//164 769//769 674//674
f 809//809 495//495 796//796
f 557//557 719//719 853//853
f 646//646 647//647 635//635
f 627//627 833//833 796//796
f 745//745 735//735 721//721
f 745//745 740//740 735//735
f 745//745 763//763 740//740
f 762//762 763//763 771//771
f 732//732 833//833 774//774
f 819//819 807//807 794//794
f 719//719 721//721 714//714
f 804//804 817//817 658//658
f 633//633 625//625 379//379
f 976//976 968//968 435//435
f 771//771 782//782 790//790
f 782//782 804//804 790//790
f 850//850 288//288 841//841
f 659//659 547//547 511//511
f 830//830 493//493 843//843
f 799//799 793//793 777//777
f 708//708 719//719 714//714
f 729//729 721//721 719//719
f 729//729 745//745 721//721
f 817//817 823//823 658//658
f 288//288 173//173 828//828
f 756//756 773//773 764//764
f 787//787 795//795 999//999
f 763//763 782//782 771//771
f 823//823 840//840 658//658
f 774//774 627//627 673//673
f 799//799 807//807 822//822
f 717//717 712//712 711//711
f 955//955 954//954 939//939
f 727//727 977//977 969//969
f 729//729 759//759 745//745
f 782//782 817//817 804//804
f 902//902 907//907 724//724
f 549//549 787//787 999//999
f 550//550 608//608 751//751
f 745//745 759//759 763//763
f 831//831 818//818 807//807
f 830//830 847//847 493//493
f 890//890 886//886 872//872
f 59//59 633//633 787//787
f 782//782 805//805 817//817
f 824//824 823//823 817//817
f 625//625 633//633 59//59
f 557//557 722//722 719//719
f 719//719 722//722 729//729
f 768//768 782//782 763//763
f 823//823 824//824 840//840
f 935//935 434//434 441//441
f 746//746 759//759 729//729
f 768//768 763//763 759//759
f 832//832 831//831 819//819
f 439//439 774//774 173//173
f 505//505 508//508 441//441
f 748//748 787//787 549//549
f 768//768 805//805 782//782
f 817//817 805//805 824//824
f 836//836 489//489 495//495
f 848//848 616//616 761//761
f 173//173 774//774 673//673
f 434//434 442//442 505//505
f 557//557 715//715 722//722
f 746//746 729//729 722//722
f 628//628 723//723 717//717
f 940//940 963//963 949//949
f 59//59 787//787 748//748
f 505//505 441//441 434//434
f 833//833 710//710 809//809
f 551//551 759//759 746//746
f 551//551 768//768 759//759
f 617//617 761//761 616//616
f 678//678 687//687 630//630
f 893//893 897//897 885//885
f 528//528 551//551 746//746
f 551//551 565//565 768//768
f 791//791 805//805 768//768
f 546//546 623//623 164//164
f 305//305 999//999 795//795
f 361//361 686//686 536//536
f 786//786 748//748 549//549
f 775//775 696//696 641//641
f 722//722 730//730 746//746
f 730//730 528//528 746//746
f 791//791 824//824 805//805
f 824//824 615//615 840//840
f 840//840 615//615 691//691
f 1007//1007 400//400 945//945
f 1000//1000 1013//1013 359//359
f 526//526 523//523 443//443
f 615//615 824//824 791//791
f 748//748 725//725 59//59
f 776//776 784//784 757//757
f 621//621 531//531 716//716
f 951//951 950//950 933//933
f 891//891 906//906 898//898
f 877//877 876//876 713//713
f 718//718 877//877 713//713
f 477//477 1015//1015 948//948
f 982//982 978//978 438//438
f 166//166 963//963 950//950
f 972//972 971//971 944//944
f 906//906 933//933 910//910
f 937//937 951//951 933//933
f 951//951 166//166 950//950
f 296//296 914//914 899//899
f 914//914 925//925 899//899
f 952//952 948//948 1013//1013
f 917//917 946//946 893//893
f 948//948 945//945 477//477
f 507//507 503//503 869//869
f 891//891 876//876 877//877
f 945//945 948//948 952//952
f 436//436 727//727 437//437
f 899//899 925//925 911//911
f 862//862 863//863 856//856
f 936//936 933//933 940//940
f 970//970 969//969 954//954
f 864//864 872//872 868//868
f 917//917 893//893 915//915
f 979//979 978//978 957//957
f 905//905 917//917 915//915
f 889//889 885//885 871//871
f 444//444 727//727 436//436
f 897//897 916//916 923//923
f 340//340 346//346 334//334
f 932//932 939//939 922//922
f 978//978 979//979 987//987
f 963//963 166//166 964//964
f 1002//1002 295//295 318//318
f 876//876 891//891 882//882
f 891//891 898//898 882//882
f 911//911 906//906 891//891
f 863//863 862//862 866//866
f 911//911 937//937 906//906
f 933//933 918//918 910//910
f 947//947 166//166 951//951
f 950//950 963//963 940//940
f 946//946 944//944 893//893
f 346//346 374//374 334//334
f 374//374 934//934 334//334
f 886//886 905//905 915//915
f 957//957 964//964 979//979
f 875//875 890//890 872//872
f 881//881 897//897 870//870
f 868//868 872//872 889//889
f 286//286 864//864 290//290
f 875//875 872//872 864//864
f 947//947 951//951 937//937
f 933//933 936//936 927//927
f 484//484 473//473 934//934
f 882//882 875//875 876//876
f 962//962 982//982 970//970
f 915//915 893//893 885//885
f 863//863 866//866 881//881
f 925//925 913//913 911//911
f 957//957 978//978 962//962
f 569//569 991//991 573//573
f 374//374 938//938 934//934
f 978//978 982//982 962//962
f 866//866 871//871 881//881
f 956//956 374//374 468//468
f 938//938 973//973 934//934
f 991//991 569//569 974//974
f 374//374 956//956 938//938
f 986//986 484//484 934//934
f 973//973 986//986 934//934
f 963//963 964//964 957//957
f 885//885 881//881 871//871
f 887//887 891//891 877//877
f 574//574 228//228 586//586
f 944//944 971//971 955//955
f 854//854 856//856 855//855
f 388//388 145//145 211//211
f 916//916 944//944 955//955
f 856//856 863//863 855//855
f 990//990 973//973 938//938
f 916//916 932//932 923//923
f 970//970 727//727 969//969
f 991//991 975//975 801//801
f 801//801 989//989 574//574
f 938//938 956//956 990//990
f 974//974 975//975 991//991
f 990//990 983//983 973//973
f 560//560 975//975 974//974
f 982//982 993//993 970//970
f 973//973 496//496 986//986
f 574//574 989//989 228//228
f 989//989 941//941 228//228
f 982//982 438//438 993//993
f 975//975 989//989 801//801
f 966//966 496//496 973//973
f 957//957 962//962 949//949
f 139//139 990//990 956//956
f 432//432 433//433 445//445
f 927//927 946//946 917//917
f 560//560 984//984 975//975
f 975//975 919//919 989//989
f 139//139 253//253 990//990
f 983//983 966//966 973//973
f 218//218 965//965 249//249
f 918//918 933//933 927//927
f 975//975 348//348 919//919
f 253//253 983//983 990//990
f 965//965 966//966 983//983
f 984//984 348//348 975//975
f 885//885 886//886 915//915
f 935//935 440//440 926//926
f 783//783 942//942 560//560
f 560//560 942//942 984//984
f 455//455 941//941 989//989
f 965//965 983//983 253//253
f 712//712 896//896 902//902
f 902//902 432//432 907//907
f 887//887 911//911 891//891
f 988//988 455//455 989//989
f 860//860 856//856 706//706
f 866//866 864//864 868//868
f 910//910 905//905 894//894
f 876//876 875//875 284//284
f 919//919 981//981 989//989
f 913//913 924//924 937//937
f 284//284 875//875 286//286
f 896//896 926//926 902//902
f 926//926 432//432 902//902
f 727//727 444//444 977//977
f 981//981 988//988 989//989
f 918//918 917//917 905//905
f 1007//1007 945//945 998//998
f 778//778 541//541 942//942
f 783//783 778//778 942//942
f 195//195 175//175 913//913
f 903//903 712//712 717//717
f 995//995 550//550 751//751
f 348//348 981//981 919//919
f 860//860 862//862 856//856
f 878//878 903//903 717//717
f 432//432 926//926 433//433
f 541//541 984//984 942//942
f 864//864 866//866 860//860
f 903//903 896//896 712//712
f 959//959 434//434 935//935
f 984//984 958//958 348//348
f 958//958 981//981 348//348
f 910//910 918//918 905//905
f 913//913 937//937 911//911
f 926//926 896//896 903//903
f 984//984 541//541 958//958
f 291//291 860//860 706//706
f 541//541 542//542 958//958
f 868//868 871//871 866//866
f 879//879 903//903 878//878
f 958//958 967//967 981//981
f 455//455 76//76 502//502
f 178//178 928//928 925//925
f 387//387 934//934 473//473
f 988//988 900//900 455//455
f 868//868 889//889 871//871
f 285//285 887//887 877//877
f 879//879 901//901 903//903
f 901//901 926//926 903//903
f 929//929 981//981 967//967
f 981//981 900//900 988//988
f 900//900 76//76 455//455
f 894//894 905//905 886//886
f 879//879 878//878 638//638
f 542//542 967//967 958//958
f 929//929 900//900 981//981
f 869//869 879//879 638//638
f 935//935 926//926 901//901
f 916//916 955//955 932//932
f 950//950 940//940 933//933
f 547//547 857//857 503//503
f 503//503 857//857 869//869
f 959//959 968//968 976//976
f 920//920 935//935 901//901
f 440//440 935//935 441//441
f 1015//1015 1013//1013 948//948
f 684//684 857//857 547//547
f 880//880 879//879 869//869
f 880//880 895//895 879//879
f 895//895 901//901 879//879
f 953//953 959//959 935//935
f 953//953 968//968 959//959
f 296//296 887//887 285//285
f 874//874 869//869 857//857
f 968//968 985//985 435//435
f 890//890 894//894 886//886
f 893//893 916//916 897//897
f 953//953 985//985 968//968
f 479//479 900//900 929//929
f 858//858 874//874 857//857
f 920//920 953//953 935//935
f 889//889 886//886 885//885
f 937//937 933//933 906//906
f 858//858 857//857 684//684
f 874//874 880//880 869//869
f 908//908 901//901 895//895
f 778//778 539//539 541//541
f 479//479 980//980 900//900
f 900//900 980//980 76//76
f 888//888 895//895 880//880
f 485//485 980//980 479//479
f 980//980 85//85 76//76
f 706//706 856//856 854//854
f 858//858 684//684 851//851
f 960//960 985//985 953//953
f 980//980 73//73 85//85
f 914//914 178//178 925//925
f 873//873 874//874 858//858
f 873//873 883//883 874//874
f 883//883 880//880 874//874
f 909//909 895//895 888//888
f 895//895 909//909 908//908
f 960//960 953//953 920//920
f 992//992 341//341 985//985
f 539//539 542//542 541//541
f 861//861 873//873 858//858
f 960//960 992//992 985//985
f 965//965 129//129 966//966
f 485//485 74//74 980//980
f 74//74 73//73 980//980
f 291//291 864//864 860//860
f 852//852 858//858 851//851
f 167//167 438//438 978//978
f 861//861 867//867 873//873
f 892//892 883//883 873//873
f 736//736 341//341 992//992
f 285//285 877//877 718//718
f 503//503 507//507 547//547
f 867//867 892//892 873//873
f 899//899 911//911 887//887
f 893//893 944//944 916//916
f 946//946 972//972 944//944
f 918//918 927//927 917//917
f 943//943 961//961 960//960
f 859//859 861//861 858//858
f 881//881 885//885 897//897
f 852//852 859//859 858//858
f 904//904 909//909 888//888
f 925//925 928//928 913//913
f 861//861 865//865 867//867
f 865//865 870//870 867//867
f 870//870 892//892 867//867
f 904//904 912//912 909//909
f 861//861 859//859 865//865
f 884//884 892//892 870//870
f 961//961 992//992 960//960
f 853//853 859//859 852//852
f 923//923 922//922 904//904
f 884//884 923//923 904//904
f 884//884 904//904 888//888
f 888//888 880//880 883//883
f 884//884 888//888 883//883
f 892//892 884//884 883//883
f 967//967 542//542 472//472
f 475//475 967//967 472//472
f 943//943 960//960 920//920
f 920//920 901//901 908//908
f 943//943 920//920 908//908
f 943//943 908//908 909//909
f 943//943 909//909 912//912
f 930//930 943//943 912//912
f 970//970 954//954 955//955
f 970//970 955//955 971//971
f 962//962 970//970 971//971
f 962//962 971//971 972//972
f 949//949 962//962 972//972
f 949//949 972//972 946//946
f 940//940 949//949 946//946
f 940//940 946//946 927//927
f 940//940 927//927 936//936
f 898//898 906//906 910//910
f 898//898 910//910 894//894
f 898//898 894//894 890//890
f 898//898 890//890 875//875
f 882//882 898//898 875//875
# 2028 faces, 0 coords texture

# End of File
